traffic_scenario,n_sensors,n_gateways,n_links,seed,lambda,P_min_pct,S_min_pct,total_observed_packets,traffic_min_packets,traffic_median_packets,traffic_max_packets,traffic_cv,traffic_max_min_ratio,greedy_k,greedy_prefix_runtime_ms,exact_status,exact_k,exact_runtime_ms,greedy_gap_links
balanced,10,3,30,0,0.0,90,80,5000,500,500.0,500,0.0,1.0,10,0.7042998913675547,Optimal,10.0,1.5535999555140734,0.0
balanced,10,3,30,0,0.0,95,85,5000,500,500.0,500,0.0,1.0,11,0.7042998913675547,Optimal,11.0,0.39219995960593224,0.0
balanced,10,3,30,0,0.0,98,90,5000,500,500.0,500,0.0,1.0,15,0.7042998913675547,Optimal,15.0,0.36239996552467346,0.0
balanced,10,3,30,0,0.01,90,80,5000,500,500.0,500,0.0,1.0,10,0.6388998590409756,Optimal,10.0,1.5535999555140734,0.0
balanced,10,3,30,0,0.01,95,85,5000,500,500.0,500,0.0,1.0,11,0.6388998590409756,Optimal,11.0,0.39219995960593224,0.0
balanced,10,3,30,0,0.01,98,90,5000,500,500.0,500,0.0,1.0,15,0.6388998590409756,Optimal,15.0,0.36239996552467346,0.0
balanced,10,3,30,0,0.02,90,80,5000,500,500.0,500,0.0,1.0,10,0.622499966993928,Optimal,10.0,1.5535999555140734,0.0
balanced,10,3,30,0,0.02,95,85,5000,500,500.0,500,0.0,1.0,11,0.622499966993928,Optimal,11.0,0.39219995960593224,0.0
balanced,10,3,30,0,0.02,98,90,5000,500,500.0,500,0.0,1.0,15,0.622499966993928,Optimal,15.0,0.36239996552467346,0.0
balanced,10,3,30,0,0.1,90,80,5000,500,500.0,500,0.0,1.0,10,0.6280001252889633,Optimal,10.0,1.5535999555140734,0.0
balanced,10,3,30,0,0.1,95,85,5000,500,500.0,500,0.0,1.0,11,0.6280001252889633,Optimal,11.0,0.39219995960593224,0.0
balanced,10,3,30,0,0.1,98,90,5000,500,500.0,500,0.0,1.0,15,0.6280001252889633,Optimal,15.0,0.36239996552467346,0.0
balanced,10,3,30,0,1.0,90,80,5000,500,500.0,500,0.0,1.0,10,0.6242000963538885,Optimal,10.0,1.5535999555140734,0.0
balanced,10,3,30,0,1.0,95,85,5000,500,500.0,500,0.0,1.0,11,0.6242000963538885,Optimal,11.0,0.39219995960593224,0.0
balanced,10,3,30,0,1.0,98,90,5000,500,500.0,500,0.0,1.0,15,0.6242000963538885,Optimal,15.0,0.36239996552467346,0.0
balanced,10,3,30,1,0.0,90,80,5000,500,500.0,500,0.0,1.0,10,0.7199998944997787,Optimal,10.0,0.4157999064773321,0.0
balanced,10,3,30,1,0.0,95,85,5000,500,500.0,500,0.0,1.0,14,0.7199998944997787,Optimal,14.0,0.38970005698502064,0.0
balanced,10,3,30,1,0.0,98,90,5000,500,500.0,500,0.0,1.0,17,0.7199998944997787,Optimal,17.0,0.3252001479268074,0.0
balanced,10,3,30,1,0.01,90,80,5000,500,500.0,500,0.0,1.0,10,0.7085998076945543,Optimal,10.0,0.4157999064773321,0.0
balanced,10,3,30,1,0.01,95,85,5000,500,500.0,500,0.0,1.0,14,0.7085998076945543,Optimal,14.0,0.38970005698502064,0.0
balanced,10,3,30,1,0.01,98,90,5000,500,500.0,500,0.0,1.0,17,0.7085998076945543,Optimal,17.0,0.3252001479268074,0.0
balanced,10,3,30,1,0.02,90,80,5000,500,500.0,500,0.0,1.0,10,0.7014998700469732,Optimal,10.0,0.4157999064773321,0.0
balanced,10,3,30,1,0.02,95,85,5000,500,500.0,500,0.0,1.0,14,0.7014998700469732,Optimal,14.0,0.38970005698502064,0.0
balanced,10,3,30,1,0.02,98,90,5000,500,500.0,500,0.0,1.0,17,0.7014998700469732,Optimal,17.0,0.3252001479268074,0.0
balanced,10,3,30,1,0.1,90,80,5000,500,500.0,500,0.0,1.0,10,0.6934001576155424,Optimal,10.0,0.4157999064773321,0.0
balanced,10,3,30,1,0.1,95,85,5000,500,500.0,500,0.0,1.0,14,0.6934001576155424,Optimal,14.0,0.38970005698502064,0.0
balanced,10,3,30,1,0.1,98,90,5000,500,500.0,500,0.0,1.0,17,0.6934001576155424,Optimal,17.0,0.3252001479268074,0.0
balanced,10,3,30,1,1.0,90,80,5000,500,500.0,500,0.0,1.0,10,0.6962998304516077,Optimal,10.0,0.4157999064773321,0.0
balanced,10,3,30,1,1.0,95,85,5000,500,500.0,500,0.0,1.0,14,0.6962998304516077,Optimal,14.0,0.38970005698502064,0.0
balanced,10,3,30,1,1.0,98,90,5000,500,500.0,500,0.0,1.0,17,0.6962998304516077,Optimal,17.0,0.3252001479268074,0.0
balanced,10,3,30,2,0.0,90,80,5000,500,500.0,500,0.0,1.0,10,0.7348000071942806,Optimal,10.0,0.41280011646449566,0.0
balanced,10,3,30,2,0.0,95,85,5000,500,500.0,500,0.0,1.0,13,0.7348000071942806,Optimal,13.0,0.38499990478157997,0.0
balanced,10,3,30,2,0.0,98,90,5000,500,500.0,500,0.0,1.0,17,0.7348000071942806,Optimal,17.0,0.3464000765234232,0.0
balanced,10,3,30,2,0.01,90,80,5000,500,500.0,500,0.0,1.0,10,0.6887998897582293,Optimal,10.0,0.41280011646449566,0.0
balanced,10,3,30,2,0.01,95,85,5000,500,500.0,500,0.0,1.0,13,0.6887998897582293,Optimal,13.0,0.38499990478157997,0.0
balanced,10,3,30,2,0.01,98,90,5000,500,500.0,500,0.0,1.0,17,0.6887998897582293,Optimal,17.0,0.3464000765234232,0.0
balanced,10,3,30,2,0.02,90,80,5000,500,500.0,500,0.0,1.0,10,0.6795998197048903,Optimal,10.0,0.41280011646449566,0.0
balanced,10,3,30,2,0.02,95,85,5000,500,500.0,500,0.0,1.0,13,0.6795998197048903,Optimal,13.0,0.38499990478157997,0.0
balanced,10,3,30,2,0.02,98,90,5000,500,500.0,500,0.0,1.0,17,0.6795998197048903,Optimal,17.0,0.3464000765234232,0.0
balanced,10,3,30,2,0.1,90,80,5000,500,500.0,500,0.0,1.0,10,0.678699929267168,Optimal,10.0,0.41280011646449566,0.0
balanced,10,3,30,2,0.1,95,85,5000,500,500.0,500,0.0,1.0,13,0.678699929267168,Optimal,13.0,0.38499990478157997,0.0
balanced,10,3,30,2,0.1,98,90,5000,500,500.0,500,0.0,1.0,17,0.678699929267168,Optimal,17.0,0.3464000765234232,0.0
balanced,10,3,30,2,1.0,90,80,5000,500,500.0,500,0.0,1.0,10,0.6754000205546618,Optimal,10.0,0.41280011646449566,0.0
balanced,10,3,30,2,1.0,95,85,5000,500,500.0,500,0.0,1.0,13,0.6754000205546618,Optimal,13.0,0.38499990478157997,0.0
balanced,10,3,30,2,1.0,98,90,5000,500,500.0,500,0.0,1.0,17,0.6754000205546618,Optimal,17.0,0.3464000765234232,0.0
balanced,10,3,30,3,0.0,90,80,5000,500,500.0,500,0.0,1.0,10,0.6355000659823418,Optimal,10.0,0.42789988219738007,0.0
balanced,10,3,30,3,0.0,95,85,5000,500,500.0,500,0.0,1.0,11,0.6355000659823418,Optimal,11.0,0.40609994903206825,0.0
balanced,10,3,30,3,0.0,98,90,5000,500,500.0,500,0.0,1.0,15,0.6355000659823418,Optimal,15.0,0.3910998348146677,0.0
balanced,10,3,30,3,0.01,90,80,5000,500,500.0,500,0.0,1.0,10,0.6180999334901571,Optimal,10.0,0.42789988219738007,0.0
balanced,10,3,30,3,0.01,95,85,5000,500,500.0,500,0.0,1.0,11,0.6180999334901571,Optimal,11.0,0.40609994903206825,0.0
balanced,10,3,30,3,0.01,98,90,5000,500,500.0,500,0.0,1.0,15,0.6180999334901571,Optimal,15.0,0.3910998348146677,0.0
balanced,10,3,30,3,0.02,90,80,5000,500,500.0,500,0.0,1.0,10,0.609199982136488,Optimal,10.0,0.42789988219738007,0.0
balanced,10,3,30,3,0.02,95,85,5000,500,500.0,500,0.0,1.0,11,0.609199982136488,Optimal,11.0,0.40609994903206825,0.0
balanced,10,3,30,3,0.02,98,90,5000,500,500.0,500,0.0,1.0,15,0.609199982136488,Optimal,15.0,0.3910998348146677,0.0
balanced,10,3,30,3,0.1,90,80,5000,500,500.0,500,0.0,1.0,10,0.6158999167382717,Optimal,10.0,0.42789988219738007,0.0
balanced,10,3,30,3,0.1,95,85,5000,500,500.0,500,0.0,1.0,11,0.6158999167382717,Optimal,11.0,0.40609994903206825,0.0
balanced,10,3,30,3,0.1,98,90,5000,500,500.0,500,0.0,1.0,15,0.6158999167382717,Optimal,15.0,0.3910998348146677,0.0
balanced,10,3,30,3,1.0,90,80,5000,500,500.0,500,0.0,1.0,10,0.6234000902622938,Optimal,10.0,0.42789988219738007,0.0
balanced,10,3,30,3,1.0,95,85,5000,500,500.0,500,0.0,1.0,11,0.6234000902622938,Optimal,11.0,0.40609994903206825,0.0
balanced,10,3,30,3,1.0,98,90,5000,500,500.0,500,0.0,1.0,15,0.6234000902622938,Optimal,15.0,0.3910998348146677,0.0
balanced,10,3,30,4,0.0,90,80,5000,500,500.0,500,0.0,1.0,10,0.6705999840050936,Optimal,10.0,0.412600114941597,0.0
balanced,10,3,30,4,0.0,95,85,5000,500,500.0,500,0.0,1.0,12,0.6705999840050936,Optimal,12.0,0.3817998804152012,0.0
balanced,10,3,30,4,0.0,98,90,5000,500,500.0,500,0.0,1.0,16,0.6705999840050936,Optimal,16.0,0.3428999334573746,0.0
balanced,10,3,30,4,0.01,90,80,5000,500,500.0,500,0.0,1.0,10,0.6532999686896801,Optimal,10.0,0.412600114941597,0.0
balanced,10,3,30,4,0.01,95,85,5000,500,500.0,500,0.0,1.0,12,0.6532999686896801,Optimal,12.0,0.3817998804152012,0.0
balanced,10,3,30,4,0.01,98,90,5000,500,500.0,500,0.0,1.0,16,0.6532999686896801,Optimal,16.0,0.3428999334573746,0.0
balanced,10,3,30,4,0.02,90,80,5000,500,500.0,500,0.0,1.0,10,0.6528000812977552,Optimal,10.0,0.412600114941597,0.0
balanced,10,3,30,4,0.02,95,85,5000,500,500.0,500,0.0,1.0,12,0.6528000812977552,Optimal,12.0,0.3817998804152012,0.0
balanced,10,3,30,4,0.02,98,90,5000,500,500.0,500,0.0,1.0,16,0.6528000812977552,Optimal,16.0,0.3428999334573746,0.0
balanced,10,3,30,4,0.1,90,80,5000,500,500.0,500,0.0,1.0,10,0.6487001664936543,Optimal,10.0,0.412600114941597,0.0
balanced,10,3,30,4,0.1,95,85,5000,500,500.0,500,0.0,1.0,12,0.6487001664936543,Optimal,12.0,0.3817998804152012,0.0
balanced,10,3,30,4,0.1,98,90,5000,500,500.0,500,0.0,1.0,16,0.6487001664936543,Optimal,16.0,0.3428999334573746,0.0
balanced,10,3,30,4,1.0,90,80,5000,500,500.0,500,0.0,1.0,10,0.6419001147150993,Optimal,10.0,0.412600114941597,0.0
balanced,10,3,30,4,1.0,95,85,5000,500,500.0,500,0.0,1.0,12,0.6419001147150993,Optimal,12.0,0.3817998804152012,0.0
balanced,10,3,30,4,1.0,98,90,5000,500,500.0,500,0.0,1.0,16,0.6419001147150993,Optimal,16.0,0.3428999334573746,0.0
heterogeneous,10,3,30,0,0.0,90,80,5000,23,542.0,646,0.32498615355119365,28.08695652173913,15,0.82250009290874,Optimal,10.0,0.4004999063909054,5.0
heterogeneous,10,3,30,0,0.0,95,85,5000,23,542.0,646,0.32498615355119365,28.08695652173913,15,0.82250009290874,Optimal,11.0,0.3728000447154045,4.0
heterogeneous,10,3,30,0,0.0,98,90,5000,23,542.0,646,0.32498615355119365,28.08695652173913,15,0.82250009290874,Optimal,14.0,0.3504001069813967,1.0
heterogeneous,10,3,30,0,0.01,90,80,5000,23,542.0,646,0.32498615355119365,28.08695652173913,10,0.5855001509189606,Optimal,10.0,0.4004999063909054,0.0
heterogeneous,10,3,30,0,0.01,95,85,5000,23,542.0,646,0.32498615355119365,28.08695652173913,11,0.5855001509189606,Optimal,11.0,0.3728000447154045,0.0
heterogeneous,10,3,30,0,0.01,98,90,5000,23,542.0,646,0.32498615355119365,28.08695652173913,14,0.5855001509189606,Optimal,14.0,0.3504001069813967,0.0
heterogeneous,10,3,30,0,0.02,90,80,5000,23,542.0,646,0.32498615355119365,28.08695652173913,10,0.5784998647868633,Optimal,10.0,0.4004999063909054,0.0
heterogeneous,10,3,30,0,0.02,95,85,5000,23,542.0,646,0.32498615355119365,28.08695652173913,11,0.5784998647868633,Optimal,11.0,0.3728000447154045,0.0
heterogeneous,10,3,30,0,0.02,98,90,5000,23,542.0,646,0.32498615355119365,28.08695652173913,14,0.5784998647868633,Optimal,14.0,0.3504001069813967,0.0
heterogeneous,10,3,30,0,0.1,90,80,5000,23,542.0,646,0.32498615355119365,28.08695652173913,10,0.5807999987155199,Optimal,10.0,0.4004999063909054,0.0
heterogeneous,10,3,30,0,0.1,95,85,5000,23,542.0,646,0.32498615355119365,28.08695652173913,11,0.5807999987155199,Optimal,11.0,0.3728000447154045,0.0
heterogeneous,10,3,30,0,0.1,98,90,5000,23,542.0,646,0.32498615355119365,28.08695652173913,14,0.5807999987155199,Optimal,14.0,0.3504001069813967,0.0
heterogeneous,10,3,30,0,1.0,90,80,5000,23,542.0,646,0.32498615355119365,28.08695652173913,10,0.5764001980423927,Optimal,10.0,0.4004999063909054,0.0
heterogeneous,10,3,30,0,1.0,95,85,5000,23,542.0,646,0.32498615355119365,28.08695652173913,11,0.5764001980423927,Optimal,11.0,0.3728000447154045,0.0
heterogeneous,10,3,30,0,1.0,98,90,5000,23,542.0,646,0.32498615355119365,28.08695652173913,14,0.5764001980423927,Optimal,14.0,0.3504001069813967,0.0
heterogeneous,10,3,30,1,0.0,90,80,5000,23,542.0,646,0.32498615355119365,28.08695652173913,19,0.8435000199824572,Optimal,10.0,0.4157000221312046,9.0
heterogeneous,10,3,30,1,0.0,95,85,5000,23,542.0,646,0.32498615355119365,28.08695652173913,19,0.8435000199824572,Optimal,13.0,0.4205999430269003,6.0
heterogeneous,10,3,30,1,0.0,98,90,5000,23,542.0,646,0.32498615355119365,28.08695652173913,19,0.8435000199824572,Optimal,16.0,0.332399969920516,3.0
heterogeneous,10,3,30,1,0.01,90,80,5000,23,542.0,646,0.32498615355119365,28.08695652173913,12,0.6811998318880796,Optimal,10.0,0.4157000221312046,2.0
heterogeneous,10,3,30,1,0.01,95,85,5000,23,542.0,646,0.32498615355119365,28.08695652173913,13,0.6811998318880796,Optimal,13.0,0.4205999430269003,0.0
heterogeneous,10,3,30,1,0.01,98,90,5000,23,542.0,646,0.32498615355119365,28.08695652173913,16,0.6811998318880796,Optimal,16.0,0.332399969920516,0.0
heterogeneous,10,3,30,1,0.02,90,80,5000,23,542.0,646,0.32498615355119365,28.08695652173913,10,0.6828000769019127,Optimal,10.0,0.4157000221312046,0.0
heterogeneous,10,3,30,1,0.02,95,85,5000,23,542.0,646,0.32498615355119365,28.08695652173913,13,0.6828000769019127,Optimal,13.0,0.4205999430269003,0.0
heterogeneous,10,3,30,1,0.02,98,90,5000,23,542.0,646,0.32498615355119365,28.08695652173913,16,0.6828000769019127,Optimal,16.0,0.332399969920516,0.0
heterogeneous,10,3,30,1,0.1,90,80,5000,23,542.0,646,0.32498615355119365,28.08695652173913,10,0.674600014463067,Optimal,10.0,0.4157000221312046,0.0
heterogeneous,10,3,30,1,0.1,95,85,5000,23,542.0,646,0.32498615355119365,28.08695652173913,13,0.674600014463067,Optimal,13.0,0.4205999430269003,0.0
heterogeneous,10,3,30,1,0.1,98,90,5000,23,542.0,646,0.32498615355119365,28.08695652173913,16,0.674600014463067,Optimal,16.0,0.332399969920516,0.0
heterogeneous,10,3,30,1,1.0,90,80,5000,23,542.0,646,0.32498615355119365,28.08695652173913,10,0.6828000769019127,Optimal,10.0,0.4157000221312046,0.0
heterogeneous,10,3,30,1,1.0,95,85,5000,23,542.0,646,0.32498615355119365,28.08695652173913,13,0.6828000769019127,Optimal,13.0,0.4205999430269003,0.0
heterogeneous,10,3,30,1,1.0,98,90,5000,23,542.0,646,0.32498615355119365,28.08695652173913,16,0.6828000769019127,Optimal,16.0,0.332399969920516,0.0
heterogeneous,10,3,30,2,0.0,90,80,5000,23,542.0,646,0.32498615355119365,28.08695652173913,17,0.7412000559270382,Optimal,10.0,0.4208998288959265,7.0
heterogeneous,10,3,30,2,0.0,95,85,5000,23,542.0,646,0.32498615355119365,28.08695652173913,17,0.7412000559270382,Optimal,13.0,0.390100060030818,4.0
heterogeneous,10,3,30,2,0.0,98,90,5000,23,542.0,646,0.32498615355119365,28.08695652173913,17,0.7412000559270382,Optimal,16.0,0.33680000342428684,1.0
heterogeneous,10,3,30,2,0.01,90,80,5000,23,542.0,646,0.32498615355119365,28.08695652173913,12,0.6800000555813313,Optimal,10.0,0.4208998288959265,2.0
heterogeneous,10,3,30,2,0.01,95,85,5000,23,542.0,646,0.32498615355119365,28.08695652173913,13,0.6800000555813313,Optimal,13.0,0.390100060030818,0.0
heterogeneous,10,3,30,2,0.01,98,90,5000,23,542.0,646,0.32498615355119365,28.08695652173913,16,0.6800000555813313,Optimal,16.0,0.33680000342428684,0.0
heterogeneous,10,3,30,2,0.02,90,80,5000,23,542.0,646,0.32498615355119365,28.08695652173913,10,0.6660998333245516,Optimal,10.0,0.4208998288959265,0.0
heterogeneous,10,3,30,2,0.02,95,85,5000,23,542.0,646,0.32498615355119365,28.08695652173913,13,0.6660998333245516,Optimal,13.0,0.390100060030818,0.0
heterogeneous,10,3,30,2,0.02,98,90,5000,23,542.0,646,0.32498615355119365,28.08695652173913,16,0.6660998333245516,Optimal,16.0,0.33680000342428684,0.0
heterogeneous,10,3,30,2,0.1,90,80,5000,23,542.0,646,0.32498615355119365,28.08695652173913,10,0.8131999056786299,Optimal,10.0,0.4208998288959265,0.0
heterogeneous,10,3,30,2,0.1,95,85,5000,23,542.0,646,0.32498615355119365,28.08695652173913,13,0.8131999056786299,Optimal,13.0,0.390100060030818,0.0
heterogeneous,10,3,30,2,0.1,98,90,5000,23,542.0,646,0.32498615355119365,28.08695652173913,17,0.8131999056786299,Optimal,16.0,0.33680000342428684,1.0
heterogeneous,10,3,30,2,1.0,90,80,5000,23,542.0,646,0.32498615355119365,28.08695652173913,10,0.7066999096423388,Optimal,10.0,0.4208998288959265,0.0
heterogeneous,10,3,30,2,1.0,95,85,5000,23,542.0,646,0.32498615355119365,28.08695652173913,13,0.7066999096423388,Optimal,13.0,0.390100060030818,0.0
heterogeneous,10,3,30,2,1.0,98,90,5000,23,542.0,646,0.32498615355119365,28.08695652173913,17,0.7066999096423388,Optimal,16.0,0.33680000342428684,1.0
heterogeneous,10,3,30,3,0.0,90,80,5000,23,542.0,646,0.32498615355119365,28.08695652173913,20,0.8506998419761658,Optimal,11.0,0.4163000266999006,9.0
heterogeneous,10,3,30,3,0.0,95,85,5000,23,542.0,646,0.32498615355119365,28.08695652173913,20,0.8506998419761658,Optimal,11.0,0.38129999302327633,9.0
heterogeneous,10,3,30,3,0.0,98,90,5000,23,542.0,646,0.32498615355119365,28.08695652173913,20,0.8506998419761658,Optimal,15.0,0.4048000555485487,5.0
heterogeneous,10,3,30,3,0.01,90,80,5000,23,542.0,646,0.32498615355119365,28.08695652173913,18,0.7462999783456326,Optimal,11.0,0.4163000266999006,7.0
heterogeneous,10,3,30,3,0.01,95,85,5000,23,542.0,646,0.32498615355119365,28.08695652173913,18,0.7462999783456326,Optimal,11.0,0.38129999302327633,7.0
heterogeneous,10,3,30,3,0.01,98,90,5000,23,542.0,646,0.32498615355119365,28.08695652173913,18,0.7462999783456326,Optimal,15.0,0.4048000555485487,3.0
heterogeneous,10,3,30,3,0.02,90,80,5000,23,542.0,646,0.32498615355119365,28.08695652173913,14,0.6198000628501177,Optimal,11.0,0.4163000266999006,3.0
heterogeneous,10,3,30,3,0.02,95,85,5000,23,542.0,646,0.32498615355119365,28.08695652173913,14,0.6198000628501177,Optimal,11.0,0.38129999302327633,3.0
heterogeneous,10,3,30,3,0.02,98,90,5000,23,542.0,646,0.32498615355119365,28.08695652173913,15,0.6198000628501177,Optimal,15.0,0.4048000555485487,0.0
heterogeneous,10,3,30,3,0.1,90,80,5000,23,542.0,646,0.32498615355119365,28.08695652173913,11,0.6110998801887035,Optimal,11.0,0.4163000266999006,0.0
heterogeneous,10,3,30,3,0.1,95,85,5000,23,542.0,646,0.32498615355119365,28.08695652173913,11,0.6110998801887035,Optimal,11.0,0.38129999302327633,0.0
heterogeneous,10,3,30,3,0.1,98,90,5000,23,542.0,646,0.32498615355119365,28.08695652173913,15,0.6110998801887035,Optimal,15.0,0.4048000555485487,0.0
heterogeneous,10,3,30,3,1.0,90,80,5000,23,542.0,646,0.32498615355119365,28.08695652173913,11,0.6083000916987658,Optimal,11.0,0.4163000266999006,0.0
heterogeneous,10,3,30,3,1.0,95,85,5000,23,542.0,646,0.32498615355119365,28.08695652173913,11,0.6083000916987658,Optimal,11.0,0.38129999302327633,0.0
heterogeneous,10,3,30,3,1.0,98,90,5000,23,542.0,646,0.32498615355119365,28.08695652173913,15,0.6083000916987658,Optimal,15.0,0.4048000555485487,0.0
heterogeneous,10,3,30,4,0.0,90,80,5000,23,542.0,646,0.32498615355119365,28.08695652173913,17,0.7591999601572752,Optimal,10.0,0.4059998318552971,7.0
heterogeneous,10,3,30,4,0.0,95,85,5000,23,542.0,646,0.32498615355119365,28.08695652173913,17,0.7591999601572752,Optimal,12.0,0.38590002804994583,5.0
heterogeneous,10,3,30,4,0.0,98,90,5000,23,542.0,646,0.32498615355119365,28.08695652173913,17,0.7591999601572752,Optimal,16.0,0.3347999881953001,1.0
heterogeneous,10,3,30,4,0.01,90,80,5000,23,542.0,646,0.32498615355119365,28.08695652173913,11,0.6839002016931772,Optimal,10.0,0.4059998318552971,1.0
heterogeneous,10,3,30,4,0.01,95,85,5000,23,542.0,646,0.32498615355119365,28.08695652173913,12,0.6839002016931772,Optimal,12.0,0.38590002804994583,0.0
heterogeneous,10,3,30,4,0.01,98,90,5000,23,542.0,646,0.32498615355119365,28.08695652173913,16,0.6839002016931772,Optimal,16.0,0.3347999881953001,0.0
heterogeneous,10,3,30,4,0.02,90,80,5000,23,542.0,646,0.32498615355119365,28.08695652173913,10,0.6798999384045601,Optimal,10.0,0.4059998318552971,0.0
heterogeneous,10,3,30,4,0.02,95,85,5000,23,542.0,646,0.32498615355119365,28.08695652173913,12,0.6798999384045601,Optimal,12.0,0.38590002804994583,0.0
heterogeneous,10,3,30,4,0.02,98,90,5000,23,542.0,646,0.32498615355119365,28.08695652173913,16,0.6798999384045601,Optimal,16.0,0.3347999881953001,0.0
heterogeneous,10,3,30,4,0.1,90,80,5000,23,542.0,646,0.32498615355119365,28.08695652173913,10,0.6701999809592962,Optimal,10.0,0.4059998318552971,0.0
heterogeneous,10,3,30,4,0.1,95,85,5000,23,542.0,646,0.32498615355119365,28.08695652173913,12,0.6701999809592962,Optimal,12.0,0.38590002804994583,0.0
heterogeneous,10,3,30,4,0.1,98,90,5000,23,542.0,646,0.32498615355119365,28.08695652173913,16,0.6701999809592962,Optimal,16.0,0.3347999881953001,0.0
heterogeneous,10,3,30,4,1.0,90,80,5000,23,542.0,646,0.32498615355119365,28.08695652173913,10,0.6703999824821949,Optimal,10.0,0.4059998318552971,0.0
heterogeneous,10,3,30,4,1.0,95,85,5000,23,542.0,646,0.32498615355119365,28.08695652173913,12,0.6703999824821949,Optimal,12.0,0.38590002804994583,0.0
heterogeneous,10,3,30,4,1.0,98,90,5000,23,542.0,646,0.32498615355119365,28.08695652173913,16,0.6703999824821949,Optimal,16.0,0.3347999881953001,0.0
balanced,50,3,150,0,0.0,90,80,25000,500,500.0,500,0.0,1.0,53,6.8743000738322735,Optimal,53.0,5.64650003798306,0.0
balanced,50,3,150,0,0.0,95,85,25000,500,500.0,500,0.0,1.0,64,6.8743000738322735,Optimal,64.0,4.962699953466654,0.0
balanced,50,3,150,0,0.0,98,90,25000,500,500.0,500,0.0,1.0,80,6.8743000738322735,Optimal,80.0,4.168899962678552,0.0
balanced,50,3,150,0,0.01,90,80,25000,500,500.0,500,0.0,1.0,53,6.73100003041327,Optimal,53.0,5.64650003798306,0.0
balanced,50,3,150,0,0.01,95,85,25000,500,500.0,500,0.0,1.0,64,6.73100003041327,Optimal,64.0,4.962699953466654,0.0
balanced,50,3,150,0,0.01,98,90,25000,500,500.0,500,0.0,1.0,80,6.73100003041327,Optimal,80.0,4.168899962678552,0.0
balanced,50,3,150,0,0.02,90,80,25000,500,500.0,500,0.0,1.0,53,6.657800171524286,Optimal,53.0,5.64650003798306,0.0
balanced,50,3,150,0,0.02,95,85,25000,500,500.0,500,0.0,1.0,64,6.657800171524286,Optimal,64.0,4.962699953466654,0.0
balanced,50,3,150,0,0.02,98,90,25000,500,500.0,500,0.0,1.0,80,6.657800171524286,Optimal,80.0,4.168899962678552,0.0
balanced,50,3,150,0,0.1,90,80,25000,500,500.0,500,0.0,1.0,53,6.63490011356771,Optimal,53.0,5.64650003798306,0.0
balanced,50,3,150,0,0.1,95,85,25000,500,500.0,500,0.0,1.0,64,6.63490011356771,Optimal,64.0,4.962699953466654,0.0
balanced,50,3,150,0,0.1,98,90,25000,500,500.0,500,0.0,1.0,80,6.63490011356771,Optimal,80.0,4.168899962678552,0.0
balanced,50,3,150,0,1.0,90,80,25000,500,500.0,500,0.0,1.0,53,6.697000004351139,Optimal,53.0,5.64650003798306,0.0
balanced,50,3,150,0,1.0,95,85,25000,500,500.0,500,0.0,1.0,64,6.697000004351139,Optimal,64.0,4.962699953466654,0.0
balanced,50,3,150,0,1.0,98,90,25000,500,500.0,500,0.0,1.0,80,6.697000004351139,Optimal,80.0,4.168899962678552,0.0
balanced,50,3,150,1,0.0,90,80,25000,500,500.0,500,0.0,1.0,53,6.883899914100766,Optimal,53.0,5.377799971029162,0.0
balanced,50,3,150,1,0.0,95,85,25000,500,500.0,500,0.0,1.0,64,6.883899914100766,Optimal,64.0,5.362599855288863,0.0
balanced,50,3,150,1,0.0,98,90,25000,500,500.0,500,0.0,1.0,81,6.883899914100766,Optimal,81.0,4.1778001468628645,0.0
balanced,50,3,150,1,0.01,90,80,25000,500,500.0,500,0.0,1.0,53,6.928799906745553,Optimal,53.0,5.377799971029162,0.0
balanced,50,3,150,1,0.01,95,85,25000,500,500.0,500,0.0,1.0,64,6.928799906745553,Optimal,64.0,5.362599855288863,0.0
balanced,50,3,150,1,0.01,98,90,25000,500,500.0,500,0.0,1.0,81,6.928799906745553,Optimal,81.0,4.1778001468628645,0.0
balanced,50,3,150,1,0.02,90,80,25000,500,500.0,500,0.0,1.0,53,6.90419995225966,Optimal,53.0,5.377799971029162,0.0
balanced,50,3,150,1,0.02,95,85,25000,500,500.0,500,0.0,1.0,64,6.90419995225966,Optimal,64.0,5.362599855288863,0.0
balanced,50,3,150,1,0.02,98,90,25000,500,500.0,500,0.0,1.0,81,6.90419995225966,Optimal,81.0,4.1778001468628645,0.0
balanced,50,3,150,1,0.1,90,80,25000,500,500.0,500,0.0,1.0,53,6.948499940335751,Optimal,53.0,5.377799971029162,0.0
balanced,50,3,150,1,0.1,95,85,25000,500,500.0,500,0.0,1.0,64,6.948499940335751,Optimal,64.0,5.362599855288863,0.0
balanced,50,3,150,1,0.1,98,90,25000,500,500.0,500,0.0,1.0,81,6.948499940335751,Optimal,81.0,4.1778001468628645,0.0
balanced,50,3,150,1,1.0,90,80,25000,500,500.0,500,0.0,1.0,53,6.874799961224198,Optimal,53.0,5.377799971029162,0.0
balanced,50,3,150,1,1.0,95,85,25000,500,500.0,500,0.0,1.0,64,6.874799961224198,Optimal,64.0,5.362599855288863,0.0
balanced,50,3,150,1,1.0,98,90,25000,500,500.0,500,0.0,1.0,81,6.874799961224198,Optimal,81.0,4.1778001468628645,0.0
balanced,50,3,150,2,0.0,90,80,25000,500,500.0,500,0.0,1.0,52,6.877199979498982,Optimal,52.0,6.0946999583393335,0.0
balanced,50,3,150,2,0.0,95,85,25000,500,500.0,500,0.0,1.0,61,6.877199979498982,Optimal,61.0,5.532300099730492,0.0
balanced,50,3,150,2,0.0,98,90,25000,500,500.0,500,0.0,1.0,80,6.877199979498982,Optimal,80.0,4.491099854931235,0.0
balanced,50,3,150,2,0.01,90,80,25000,500,500.0,500,0.0,1.0,52,6.723899859935045,Optimal,52.0,6.0946999583393335,0.0
balanced,50,3,150,2,0.01,95,85,25000,500,500.0,500,0.0,1.0,61,6.723899859935045,Optimal,61.0,5.532300099730492,0.0
balanced,50,3,150,2,0.01,98,90,25000,500,500.0,500,0.0,1.0,80,6.723899859935045,Optimal,80.0,4.491099854931235,0.0
balanced,50,3,150,2,0.02,90,80,25000,500,500.0,500,0.0,1.0,52,6.803599884733558,Optimal,52.0,6.0946999583393335,0.0
balanced,50,3,150,2,0.02,95,85,25000,500,500.0,500,0.0,1.0,61,6.803599884733558,Optimal,61.0,5.532300099730492,0.0
balanced,50,3,150,2,0.02,98,90,25000,500,500.0,500,0.0,1.0,80,6.803599884733558,Optimal,80.0,4.491099854931235,0.0
balanced,50,3,150,2,0.1,90,80,25000,500,500.0,500,0.0,1.0,52,6.664999993517995,Optimal,52.0,6.0946999583393335,0.0
balanced,50,3,150,2,0.1,95,85,25000,500,500.0,500,0.0,1.0,61,6.664999993517995,Optimal,61.0,5.532300099730492,0.0
balanced,50,3,150,2,0.1,98,90,25000,500,500.0,500,0.0,1.0,80,6.664999993517995,Optimal,80.0,4.491099854931235,0.0
balanced,50,3,150,2,1.0,90,80,25000,500,500.0,500,0.0,1.0,52,6.674699950963259,Optimal,52.0,6.0946999583393335,0.0
balanced,50,3,150,2,1.0,95,85,25000,500,500.0,500,0.0,1.0,61,6.674699950963259,Optimal,61.0,5.532300099730492,0.0
balanced,50,3,150,2,1.0,98,90,25000,500,500.0,500,0.0,1.0,80,6.674699950963259,Optimal,80.0,4.491099854931235,0.0
balanced,50,3,150,3,0.0,90,80,25000,500,500.0,500,0.0,1.0,54,6.376500008627772,Optimal,54.0,5.467399954795837,0.0
balanced,50,3,150,3,0.0,95,85,25000,500,500.0,500,0.0,1.0,55,6.376500008627772,Optimal,55.0,5.383200012147427,0.0
balanced,50,3,150,3,0.0,98,90,25000,500,500.0,500,0.0,1.0,74,6.376500008627772,Optimal,74.0,4.7253998927772045,0.0
balanced,50,3,150,3,0.01,90,80,25000,500,500.0,500,0.0,1.0,54,6.307600066065788,Optimal,54.0,5.467399954795837,0.0
balanced,50,3,150,3,0.01,95,85,25000,500,500.0,500,0.0,1.0,55,6.307600066065788,Optimal,55.0,5.383200012147427,0.0
balanced,50,3,150,3,0.01,98,90,25000,500,500.0,500,0.0,1.0,74,6.307600066065788,Optimal,74.0,4.7253998927772045,0.0
balanced,50,3,150,3,0.02,90,80,25000,500,500.0,500,0.0,1.0,54,6.227100035175681,Optimal,54.0,5.467399954795837,0.0
balanced,50,3,150,3,0.02,95,85,25000,500,500.0,500,0.0,1.0,55,6.227100035175681,Optimal,55.0,5.383200012147427,0.0
balanced,50,3,150,3,0.02,98,90,25000,500,500.0,500,0.0,1.0,74,6.227100035175681,Optimal,74.0,4.7253998927772045,0.0
balanced,50,3,150,3,0.1,90,80,25000,500,500.0,500,0.0,1.0,54,6.315900012850761,Optimal,54.0,5.467399954795837,0.0
balanced,50,3,150,3,0.1,95,85,25000,500,500.0,500,0.0,1.0,55,6.315900012850761,Optimal,55.0,5.383200012147427,0.0
balanced,50,3,150,3,0.1,98,90,25000,500,500.0,500,0.0,1.0,74,6.315900012850761,Optimal,74.0,4.7253998927772045,0.0
balanced,50,3,150,3,1.0,90,80,25000,500,500.0,500,0.0,1.0,54,6.275299936532974,Optimal,54.0,5.467399954795837,0.0
balanced,50,3,150,3,1.0,95,85,25000,500,500.0,500,0.0,1.0,55,6.275299936532974,Optimal,55.0,5.383200012147427,0.0
balanced,50,3,150,3,1.0,98,90,25000,500,500.0,500,0.0,1.0,74,6.275299936532974,Optimal,74.0,4.7253998927772045,0.0
balanced,50,3,150,4,0.0,90,80,25000,500,500.0,500,0.0,1.0,51,6.603799993172288,Optimal,51.0,5.852899979799986,0.0
balanced,50,3,150,4,0.0,95,85,25000,500,500.0,500,0.0,1.0,61,6.603799993172288,Optimal,61.0,5.552600137889385,0.0
balanced,50,3,150,4,0.0,98,90,25000,500,500.0,500,0.0,1.0,78,6.603799993172288,Optimal,78.0,4.395999945700169,0.0
balanced,50,3,150,4,0.01,90,80,25000,500,500.0,500,0.0,1.0,51,6.607600022107363,Optimal,51.0,5.852899979799986,0.0
balanced,50,3,150,4,0.01,95,85,25000,500,500.0,500,0.0,1.0,61,6.607600022107363,Optimal,61.0,5.552600137889385,0.0
balanced,50,3,150,4,0.01,98,90,25000,500,500.0,500,0.0,1.0,78,6.607600022107363,Optimal,78.0,4.395999945700169,0.0
balanced,50,3,150,4,0.02,90,80,25000,500,500.0,500,0.0,1.0,51,6.5593000035732985,Optimal,51.0,5.852899979799986,0.0
balanced,50,3,150,4,0.02,95,85,25000,500,500.0,500,0.0,1.0,61,6.5593000035732985,Optimal,61.0,5.552600137889385,0.0
balanced,50,3,150,4,0.02,98,90,25000,500,500.0,500,0.0,1.0,78,6.5593000035732985,Optimal,78.0,4.395999945700169,0.0
balanced,50,3,150,4,0.1,90,80,25000,500,500.0,500,0.0,1.0,51,6.5882999915629625,Optimal,51.0,5.852899979799986,0.0
balanced,50,3,150,4,0.1,95,85,25000,500,500.0,500,0.0,1.0,61,6.5882999915629625,Optimal,61.0,5.552600137889385,0.0
balanced,50,3,150,4,0.1,98,90,25000,500,500.0,500,0.0,1.0,78,6.5882999915629625,Optimal,78.0,4.395999945700169,0.0
balanced,50,3,150,4,1.0,90,80,25000,500,500.0,500,0.0,1.0,51,6.546400021761656,Optimal,51.0,5.852899979799986,0.0
balanced,50,3,150,4,1.0,95,85,25000,500,500.0,500,0.0,1.0,61,6.546400021761656,Optimal,61.0,5.552600137889385,0.0
balanced,50,3,150,4,1.0,98,90,25000,500,500.0,500,0.0,1.0,78,6.546400021761656,Optimal,78.0,4.395999945700169,0.0
heterogeneous,50,3,150,0,0.0,90,80,25000,23,542.0,646,0.32498615355119365,28.08695652173913,90,9.37030022032559,Optimal,52.0,5.7529001496732235,38.0
heterogeneous,50,3,150,0,0.0,95,85,25000,23,542.0,646,0.32498615355119365,28.08695652173913,106,9.37030022032559,Optimal,64.0,5.085799843072891,42.0
heterogeneous,50,3,150,0,0.0,98,90,25000,23,542.0,646,0.32498615355119365,28.08695652173913,109,9.37030022032559,Optimal,81.0,4.007699899375439,28.0
heterogeneous,50,3,150,0,0.01,90,80,25000,23,542.0,646,0.32498615355119365,28.08695652173913,89,9.183800080791116,Optimal,52.0,5.7529001496732235,37.0
heterogeneous,50,3,150,0,0.01,95,85,25000,23,542.0,646,0.32498615355119365,28.08695652173913,92,9.183800080791116,Optimal,64.0,5.085799843072891,28.0
heterogeneous,50,3,150,0,0.01,98,90,25000,23,542.0,646,0.32498615355119365,28.08695652173913,109,9.183800080791116,Optimal,81.0,4.007699899375439,28.0
heterogeneous,50,3,150,0,0.02,90,80,25000,23,542.0,646,0.32498615355119365,28.08695652173913,89,9.179699933156371,Optimal,52.0,5.7529001496732235,37.0
heterogeneous,50,3,150,0,0.02,95,85,25000,23,542.0,646,0.32498615355119365,28.08695652173913,90,9.179699933156371,Optimal,64.0,5.085799843072891,26.0
heterogeneous,50,3,150,0,0.02,98,90,25000,23,542.0,646,0.32498615355119365,28.08695652173913,109,9.179699933156371,Optimal,81.0,4.007699899375439,28.0
heterogeneous,50,3,150,0,0.1,90,80,25000,23,542.0,646,0.32498615355119365,28.08695652173913,89,9.147800039499998,Optimal,52.0,5.7529001496732235,37.0
heterogeneous,50,3,150,0,0.1,95,85,25000,23,542.0,646,0.32498615355119365,28.08695652173913,90,9.147800039499998,Optimal,64.0,5.085799843072891,26.0
heterogeneous,50,3,150,0,0.1,98,90,25000,23,542.0,646,0.32498615355119365,28.08695652173913,109,9.147800039499998,Optimal,81.0,4.007699899375439,28.0
heterogeneous,50,3,150,0,1.0,90,80,25000,23,542.0,646,0.32498615355119365,28.08695652173913,89,9.053600020706654,Optimal,52.0,5.7529001496732235,37.0
heterogeneous,50,3,150,0,1.0,95,85,25000,23,542.0,646,0.32498615355119365,28.08695652173913,90,9.053600020706654,Optimal,64.0,5.085799843072891,26.0
heterogeneous,50,3,150,0,1.0,98,90,25000,23,542.0,646,0.32498615355119365,28.08695652173913,109,9.053600020706654,Optimal,81.0,4.007699899375439,28.0
heterogeneous,50,3,150,1,0.0,90,80,25000,23,542.0,646,0.32498615355119365,28.08695652173913,90,7.728999946266413,Optimal,53.0,5.536500131711364,37.0
heterogeneous,50,3,150,1,0.0,95,85,25000,23,542.0,646,0.32498615355119365,28.08695652173913,90,7.728999946266413,Optimal,64.0,5.409599980339408,26.0
heterogeneous,50,3,150,1,0.0,98,90,25000,23,542.0,646,0.32498615355119365,28.08695652173913,90,7.728999946266413,Optimal,79.0,4.175300011411309,11.0
heterogeneous,50,3,150,1,0.01,90,80,25000,23,542.0,646,0.32498615355119365,28.08695652173913,90,7.843900006264448,Optimal,53.0,5.536500131711364,37.0
heterogeneous,50,3,150,1,0.01,95,85,25000,23,542.0,646,0.32498615355119365,28.08695652173913,90,7.843900006264448,Optimal,64.0,5.409599980339408,26.0
heterogeneous,50,3,150,1,0.01,98,90,25000,23,542.0,646,0.32498615355119365,28.08695652173913,90,7.843900006264448,Optimal,79.0,4.175300011411309,11.0
heterogeneous,50,3,150,1,0.02,90,80,25000,23,542.0,646,0.32498615355119365,28.08695652173913,90,7.709600031375885,Optimal,53.0,5.536500131711364,37.0
heterogeneous,50,3,150,1,0.02,95,85,25000,23,542.0,646,0.32498615355119365,28.08695652173913,90,7.709600031375885,Optimal,64.0,5.409599980339408,26.0
heterogeneous,50,3,150,1,0.02,98,90,25000,23,542.0,646,0.32498615355119365,28.08695652173913,90,7.709600031375885,Optimal,79.0,4.175300011411309,11.0
heterogeneous,50,3,150,1,0.1,90,80,25000,23,542.0,646,0.32498615355119365,28.08695652173913,90,7.677100133150816,Optimal,53.0,5.536500131711364,37.0
heterogeneous,50,3,150,1,0.1,95,85,25000,23,542.0,646,0.32498615355119365,28.08695652173913,90,7.677100133150816,Optimal,64.0,5.409599980339408,26.0
heterogeneous,50,3,150,1,0.1,98,90,25000,23,542.0,646,0.32498615355119365,28.08695652173913,90,7.677100133150816,Optimal,79.0,4.175300011411309,11.0
heterogeneous,50,3,150,1,1.0,90,80,25000,23,542.0,646,0.32498615355119365,28.08695652173913,90,7.708299905061722,Optimal,53.0,5.536500131711364,37.0
heterogeneous,50,3,150,1,1.0,95,85,25000,23,542.0,646,0.32498615355119365,28.08695652173913,90,7.708299905061722,Optimal,64.0,5.409599980339408,26.0
heterogeneous,50,3,150,1,1.0,98,90,25000,23,542.0,646,0.32498615355119365,28.08695652173913,90,7.708299905061722,Optimal,79.0,4.175300011411309,11.0
heterogeneous,50,3,150,2,0.0,90,80,25000,23,542.0,646,0.32498615355119365,28.08695652173913,88,9.189300006255507,Optimal,52.0,5.818299949169159,36.0
heterogeneous,50,3,150,2,0.0,95,85,25000,23,542.0,646,0.32498615355119365,28.08695652173913,88,9.189300006255507,Optimal,60.0,5.615399917587638,28.0
heterogeneous,50,3,150,2,0.0,98,90,25000,23,542.0,646,0.32498615355119365,28.08695652173913,109,9.189300006255507,Optimal,79.0,4.721400095149875,30.0
heterogeneous,50,3,150,2,0.01,90,80,25000,23,542.0,646,0.32498615355119365,28.08695652173913,88,8.374399971216917,Optimal,52.0,5.818299949169159,36.0
heterogeneous,50,3,150,2,0.01,95,85,25000,23,542.0,646,0.32498615355119365,28.08695652173913,88,8.374399971216917,Optimal,60.0,5.615399917587638,28.0
heterogeneous,50,3,150,2,0.01,98,90,25000,23,542.0,646,0.32498615355119365,28.08695652173913,97,8.374399971216917,Optimal,79.0,4.721400095149875,18.0
heterogeneous,50,3,150,2,0.02,90,80,25000,23,542.0,646,0.32498615355119365,28.08695652173913,88,7.731299847364426,Optimal,52.0,5.818299949169159,36.0
heterogeneous,50,3,150,2,0.02,95,85,25000,23,542.0,646,0.32498615355119365,28.08695652173913,88,7.731299847364426,Optimal,60.0,5.615399917587638,28.0
heterogeneous,50,3,150,2,0.02,98,90,25000,23,542.0,646,0.32498615355119365,28.08695652173913,89,7.731299847364426,Optimal,79.0,4.721400095149875,10.0
heterogeneous,50,3,150,2,0.1,90,80,25000,23,542.0,646,0.32498615355119365,28.08695652173913,88,7.766100112348795,Optimal,52.0,5.818299949169159,36.0
heterogeneous,50,3,150,2,0.1,95,85,25000,23,542.0,646,0.32498615355119365,28.08695652173913,88,7.766100112348795,Optimal,60.0,5.615399917587638,28.0
heterogeneous,50,3,150,2,0.1,98,90,25000,23,542.0,646,0.32498615355119365,28.08695652173913,89,7.766100112348795,Optimal,79.0,4.721400095149875,10.0
heterogeneous,50,3,150,2,1.0,90,80,25000,23,542.0,646,0.32498615355119365,28.08695652173913,88,7.699600188061595,Optimal,52.0,5.818299949169159,36.0
heterogeneous,50,3,150,2,1.0,95,85,25000,23,542.0,646,0.32498615355119365,28.08695652173913,88,7.699600188061595,Optimal,60.0,5.615399917587638,28.0
heterogeneous,50,3,150,2,1.0,98,90,25000,23,542.0,646,0.32498615355119365,28.08695652173913,89,7.699600188061595,Optimal,79.0,4.721400095149875,10.0
heterogeneous,50,3,150,3,0.0,90,80,25000,23,542.0,646,0.32498615355119365,28.08695652173913,81,9.285700041800737,Optimal,54.0,5.547600099816918,27.0
heterogeneous,50,3,150,3,0.0,95,85,25000,23,542.0,646,0.32498615355119365,28.08695652173913,81,9.285700041800737,Optimal,55.0,5.525300046429038,26.0
heterogeneous,50,3,150,3,0.0,98,90,25000,23,542.0,646,0.32498615355119365,28.08695652173913,110,9.285700041800737,Optimal,72.0,4.784000106155872,38.0
heterogeneous,50,3,150,3,0.01,90,80,25000,23,542.0,646,0.32498615355119365,28.08695652173913,79,7.6286999974399805,Optimal,54.0,5.547600099816918,25.0
heterogeneous,50,3,150,3,0.01,95,85,25000,23,542.0,646,0.32498615355119365,28.08695652173913,79,7.6286999974399805,Optimal,55.0,5.525300046429038,24.0
heterogeneous,50,3,150,3,0.01,98,90,25000,23,542.0,646,0.32498615355119365,28.08695652173913,89,7.6286999974399805,Optimal,72.0,4.784000106155872,17.0
heterogeneous,50,3,150,3,0.02,90,80,25000,23,542.0,646,0.32498615355119365,28.08695652173913,79,6.928500020876527,Optimal,54.0,5.547600099816918,25.0
heterogeneous,50,3,150,3,0.02,95,85,25000,23,542.0,646,0.32498615355119365,28.08695652173913,79,6.928500020876527,Optimal,55.0,5.525300046429038,24.0
heterogeneous,50,3,150,3,0.02,98,90,25000,23,542.0,646,0.32498615355119365,28.08695652173913,80,6.928500020876527,Optimal,72.0,4.784000106155872,8.0
heterogeneous,50,3,150,3,0.1,90,80,25000,23,542.0,646,0.32498615355119365,28.08695652173913,79,6.844900082796812,Optimal,54.0,5.547600099816918,25.0
heterogeneous,50,3,150,3,0.1,95,85,25000,23,542.0,646,0.32498615355119365,28.08695652173913,79,6.844900082796812,Optimal,55.0,5.525300046429038,24.0
heterogeneous,50,3,150,3,0.1,98,90,25000,23,542.0,646,0.32498615355119365,28.08695652173913,80,6.844900082796812,Optimal,72.0,4.784000106155872,8.0
heterogeneous,50,3,150,3,1.0,90,80,25000,23,542.0,646,0.32498615355119365,28.08695652173913,79,6.841400172561407,Optimal,54.0,5.547600099816918,25.0
heterogeneous,50,3,150,3,1.0,95,85,25000,23,542.0,646,0.32498615355119365,28.08695652173913,79,6.841400172561407,Optimal,55.0,5.525300046429038,24.0
heterogeneous,50,3,150,3,1.0,98,90,25000,23,542.0,646,0.32498615355119365,28.08695652173913,80,6.841400172561407,Optimal,72.0,4.784000106155872,8.0
heterogeneous,50,3,150,4,0.0,90,80,25000,23,542.0,646,0.32498615355119365,28.08695652173913,86,8.732300018891692,Optimal,51.0,5.868999985978007,35.0
heterogeneous,50,3,150,4,0.0,95,85,25000,23,542.0,646,0.32498615355119365,28.08695652173913,101,8.732300018891692,Optimal,61.0,5.485599860548973,40.0
heterogeneous,50,3,150,4,0.0,98,90,25000,23,542.0,646,0.32498615355119365,28.08695652173913,104,8.732300018891692,Optimal,78.0,4.317099926993251,26.0
heterogeneous,50,3,150,4,0.01,90,80,25000,23,542.0,646,0.32498615355119365,28.08695652173913,85,8.662900188937783,Optimal,51.0,5.868999985978007,34.0
heterogeneous,50,3,150,4,0.01,95,85,25000,23,542.0,646,0.32498615355119365,28.08695652173913,92,8.662900188937783,Optimal,61.0,5.485599860548973,31.0
heterogeneous,50,3,150,4,0.01,98,90,25000,23,542.0,646,0.32498615355119365,28.08695652173913,104,8.662900188937783,Optimal,78.0,4.317099926993251,26.0
heterogeneous,50,3,150,4,0.02,90,80,25000,23,542.0,646,0.32498615355119365,28.08695652173913,85,8.696099976077676,Optimal,51.0,5.868999985978007,34.0
heterogeneous,50,3,150,4,0.02,95,85,25000,23,542.0,646,0.32498615355119365,28.08695652173913,86,8.696099976077676,Optimal,61.0,5.485599860548973,25.0
heterogeneous,50,3,150,4,0.02,98,90,25000,23,542.0,646,0.32498615355119365,28.08695652173913,104,8.696099976077676,Optimal,78.0,4.317099926993251,26.0
heterogeneous,50,3,150,4,0.1,90,80,25000,23,542.0,646,0.32498615355119365,28.08695652173913,85,8.589300094172359,Optimal,51.0,5.868999985978007,34.0
heterogeneous,50,3,150,4,0.1,95,85,25000,23,542.0,646,0.32498615355119365,28.08695652173913,86,8.589300094172359,Optimal,61.0,5.485599860548973,25.0
heterogeneous,50,3,150,4,0.1,98,90,25000,23,542.0,646,0.32498615355119365,28.08695652173913,104,8.589300094172359,Optimal,78.0,4.317099926993251,26.0
heterogeneous,50,3,150,4,1.0,90,80,25000,23,542.0,646,0.32498615355119365,28.08695652173913,85,8.711099857464433,Optimal,51.0,5.868999985978007,34.0
heterogeneous,50,3,150,4,1.0,95,85,25000,23,542.0,646,0.32498615355119365,28.08695652173913,86,8.711099857464433,Optimal,61.0,5.485599860548973,25.0
heterogeneous,50,3,150,4,1.0,98,90,25000,23,542.0,646,0.32498615355119365,28.08695652173913,104,8.711099857464433,Optimal,78.0,4.317099926993251,26.0
balanced,100,3,300,0,0.0,90,80,50000,500,500.0,500,0.0,1.0,108,26.403299998492002,Optimal,108.0,20.09319979697466,0.0
balanced,100,3,300,0,0.0,95,85,50000,500,500.0,500,0.0,1.0,130,26.403299998492002,Optimal,123.0,19.180299947038293,7.0
balanced,100,3,300,0,0.0,98,90,50000,500,500.0,500,0.0,1.0,157,26.403299998492002,Optimal,157.0,15.114099951460958,0.0
balanced,100,3,300,0,0.01,90,80,50000,500,500.0,500,0.0,1.0,108,26.438499800860882,Optimal,108.0,20.09319979697466,0.0
balanced,100,3,300,0,0.01,95,85,50000,500,500.0,500,0.0,1.0,123,26.438499800860882,Optimal,123.0,19.180299947038293,0.0
balanced,100,3,300,0,0.01,98,90,50000,500,500.0,500,0.0,1.0,157,26.438499800860882,Optimal,157.0,15.114099951460958,0.0
balanced,100,3,300,0,0.02,90,80,50000,500,500.0,500,0.0,1.0,108,26.340699987486005,Optimal,108.0,20.09319979697466,0.0
balanced,100,3,300,0,0.02,95,85,50000,500,500.0,500,0.0,1.0,123,26.340699987486005,Optimal,123.0,19.180299947038293,0.0
balanced,100,3,300,0,0.02,98,90,50000,500,500.0,500,0.0,1.0,157,26.340699987486005,Optimal,157.0,15.114099951460958,0.0
balanced,100,3,300,0,0.1,90,80,50000,500,500.0,500,0.0,1.0,108,26.292499853298068,Optimal,108.0,20.09319979697466,0.0
balanced,100,3,300,0,0.1,95,85,50000,500,500.0,500,0.0,1.0,123,26.292499853298068,Optimal,123.0,19.180299947038293,0.0
balanced,100,3,300,0,0.1,98,90,50000,500,500.0,500,0.0,1.0,157,26.292499853298068,Optimal,157.0,15.114099951460958,0.0
balanced,100,3,300,0,1.0,90,80,50000,500,500.0,500,0.0,1.0,108,26.287500048056245,Optimal,108.0,20.09319979697466,0.0
balanced,100,3,300,0,1.0,95,85,50000,500,500.0,500,0.0,1.0,123,26.287500048056245,Optimal,123.0,19.180299947038293,0.0
balanced,100,3,300,0,1.0,98,90,50000,500,500.0,500,0.0,1.0,157,26.287500048056245,Optimal,157.0,15.114099951460958,0.0
balanced,100,3,300,1,0.0,90,80,50000,500,500.0,500,0.0,1.0,103,26.404700009152293,Optimal,103.0,20.561099983751774,0.0
balanced,100,3,300,1,0.0,95,85,50000,500,500.0,500,0.0,1.0,123,26.404700009152293,Optimal,123.0,19.76769999600947,0.0
balanced,100,3,300,1,0.0,98,90,50000,500,500.0,500,0.0,1.0,158,26.404700009152293,Optimal,158.0,15.453599859029055,0.0
balanced,100,3,300,1,0.01,90,80,50000,500,500.0,500,0.0,1.0,103,26.565700070932508,Optimal,103.0,20.561099983751774,0.0
balanced,100,3,300,1,0.01,95,85,50000,500,500.0,500,0.0,1.0,123,26.565700070932508,Optimal,123.0,19.76769999600947,0.0
balanced,100,3,300,1,0.01,98,90,50000,500,500.0,500,0.0,1.0,159,26.565700070932508,Optimal,158.0,15.453599859029055,1.0
balanced,100,3,300,1,0.02,90,80,50000,500,500.0,500,0.0,1.0,103,26.434500003233552,Optimal,103.0,20.561099983751774,0.0
balanced,100,3,300,1,0.02,95,85,50000,500,500.0,500,0.0,1.0,123,26.434500003233552,Optimal,123.0,19.76769999600947,0.0
balanced,100,3,300,1,0.02,98,90,50000,500,500.0,500,0.0,1.0,159,26.434500003233552,Optimal,158.0,15.453599859029055,1.0
balanced,100,3,300,1,0.1,90,80,50000,500,500.0,500,0.0,1.0,103,26.405500015243888,Optimal,103.0,20.561099983751774,0.0
balanced,100,3,300,1,0.1,95,85,50000,500,500.0,500,0.0,1.0,123,26.405500015243888,Optimal,123.0,19.76769999600947,0.0
balanced,100,3,300,1,0.1,98,90,50000,500,500.0,500,0.0,1.0,159,26.405500015243888,Optimal,158.0,15.453599859029055,1.0
balanced,100,3,300,1,1.0,90,80,50000,500,500.0,500,0.0,1.0,103,26.493099983781576,Optimal,103.0,20.561099983751774,0.0
balanced,100,3,300,1,1.0,95,85,50000,500,500.0,500,0.0,1.0,123,26.493099983781576,Optimal,123.0,19.76769999600947,0.0
balanced,100,3,300,1,1.0,98,90,50000,500,500.0,500,0.0,1.0,159,26.493099983781576,Optimal,158.0,15.453599859029055,1.0
balanced,100,3,300,2,0.0,90,80,50000,500,500.0,500,0.0,1.0,104,26.579200057312846,Optimal,104.0,20.97179996781051,0.0
balanced,100,3,300,2,0.0,95,85,50000,500,500.0,500,0.0,1.0,121,26.579200057312846,Optimal,121.0,20.36109985783696,0.0
balanced,100,3,300,2,0.0,98,90,50000,500,500.0,500,0.0,1.0,158,26.579200057312846,Optimal,158.0,27.27670012973249,0.0
balanced,100,3,300,2,0.01,90,80,50000,500,500.0,500,0.0,1.0,104,27.09590015001595,Optimal,104.0,20.97179996781051,0.0
balanced,100,3,300,2,0.01,95,85,50000,500,500.0,500,0.0,1.0,121,27.09590015001595,Optimal,121.0,20.36109985783696,0.0
balanced,100,3,300,2,0.01,98,90,50000,500,500.0,500,0.0,1.0,158,27.09590015001595,Optimal,158.0,27.27670012973249,0.0
balanced,100,3,300,2,0.02,90,80,50000,500,500.0,500,0.0,1.0,104,27.008800068870187,Optimal,104.0,20.97179996781051,0.0
balanced,100,3,300,2,0.02,95,85,50000,500,500.0,500,0.0,1.0,121,27.008800068870187,Optimal,121.0,20.36109985783696,0.0
balanced,100,3,300,2,0.02,98,90,50000,500,500.0,500,0.0,1.0,158,27.008800068870187,Optimal,158.0,27.27670012973249,0.0
balanced,100,3,300,2,0.1,90,80,50000,500,500.0,500,0.0,1.0,104,27.265199925750494,Optimal,104.0,20.97179996781051,0.0
balanced,100,3,300,2,0.1,95,85,50000,500,500.0,500,0.0,1.0,121,27.265199925750494,Optimal,121.0,20.36109985783696,0.0
balanced,100,3,300,2,0.1,98,90,50000,500,500.0,500,0.0,1.0,158,27.265199925750494,Optimal,158.0,27.27670012973249,0.0
balanced,100,3,300,2,1.0,90,80,50000,500,500.0,500,0.0,1.0,104,27.491100132465363,Optimal,104.0,20.97179996781051,0.0
balanced,100,3,300,2,1.0,95,85,50000,500,500.0,500,0.0,1.0,121,27.491100132465363,Optimal,121.0,20.36109985783696,0.0
balanced,100,3,300,2,1.0,98,90,50000,500,500.0,500,0.0,1.0,158,27.491100132465363,Optimal,158.0,27.27670012973249,0.0
balanced,100,3,300,3,0.0,90,80,50000,500,500.0,500,0.0,1.0,109,25.66020004451275,Optimal,108.0,20.452999975532293,1.0
balanced,100,3,300,3,0.0,95,85,50000,500,500.0,500,0.0,1.0,115,25.66020004451275,Optimal,113.0,20.098299952223897,2.0
balanced,100,3,300,3,0.0,98,90,50000,500,500.0,500,0.0,1.0,153,25.66020004451275,Optimal,153.0,17.70329987630248,0.0
balanced,100,3,300,3,0.01,90,80,50000,500,500.0,500,0.0,1.0,108,25.577599881216884,Optimal,108.0,20.452999975532293,0.0
balanced,100,3,300,3,0.01,95,85,50000,500,500.0,500,0.0,1.0,113,25.577599881216884,Optimal,113.0,20.098299952223897,0.0
balanced,100,3,300,3,0.01,98,90,50000,500,500.0,500,0.0,1.0,153,25.577599881216884,Optimal,153.0,17.70329987630248,0.0
balanced,100,3,300,3,0.02,90,80,50000,500,500.0,500,0.0,1.0,108,25.590899866074324,Optimal,108.0,20.452999975532293,0.0
balanced,100,3,300,3,0.02,95,85,50000,500,500.0,500,0.0,1.0,113,25.590899866074324,Optimal,113.0,20.098299952223897,0.0
balanced,100,3,300,3,0.02,98,90,50000,500,500.0,500,0.0,1.0,153,25.590899866074324,Optimal,153.0,17.70329987630248,0.0
balanced,100,3,300,3,0.1,90,80,50000,500,500.0,500,0.0,1.0,108,25.55409981869161,Optimal,108.0,20.452999975532293,0.0
balanced,100,3,300,3,0.1,95,85,50000,500,500.0,500,0.0,1.0,113,25.55409981869161,Optimal,113.0,20.098299952223897,0.0
balanced,100,3,300,3,0.1,98,90,50000,500,500.0,500,0.0,1.0,153,25.55409981869161,Optimal,153.0,17.70329987630248,0.0
balanced,100,3,300,3,1.0,90,80,50000,500,500.0,500,0.0,1.0,108,25.733600137755275,Optimal,108.0,20.452999975532293,0.0
balanced,100,3,300,3,1.0,95,85,50000,500,500.0,500,0.0,1.0,113,25.733600137755275,Optimal,113.0,20.098299952223897,0.0
balanced,100,3,300,3,1.0,98,90,50000,500,500.0,500,0.0,1.0,153,25.733600137755275,Optimal,153.0,17.70329987630248,0.0
balanced,100,3,300,4,0.0,90,80,50000,500,500.0,500,0.0,1.0,104,26.316999923437834,Optimal,104.0,21.38229995034635,0.0
balanced,100,3,300,4,0.0,95,85,50000,500,500.0,500,0.0,1.0,123,26.316999923437834,Optimal,123.0,20.437899976968765,0.0
balanced,100,3,300,4,0.0,98,90,50000,500,500.0,500,0.0,1.0,158,26.316999923437834,Optimal,158.0,16.052399994805455,0.0
balanced,100,3,300,4,0.01,90,80,50000,500,500.0,500,0.0,1.0,104,27.037000050768256,Optimal,104.0,21.38229995034635,0.0
balanced,100,3,300,4,0.01,95,85,50000,500,500.0,500,0.0,1.0,123,27.037000050768256,Optimal,123.0,20.437899976968765,0.0
balanced,100,3,300,4,0.01,98,90,50000,500,500.0,500,0.0,1.0,158,27.037000050768256,Optimal,158.0,16.052399994805455,0.0
balanced,100,3,300,4,0.02,90,80,50000,500,500.0,500,0.0,1.0,104,26.864100014790893,Optimal,104.0,21.38229995034635,0.0
balanced,100,3,300,4,0.02,95,85,50000,500,500.0,500,0.0,1.0,123,26.864100014790893,Optimal,123.0,20.437899976968765,0.0
balanced,100,3,300,4,0.02,98,90,50000,500,500.0,500,0.0,1.0,158,26.864100014790893,Optimal,158.0,16.052399994805455,0.0
balanced,100,3,300,4,0.1,90,80,50000,500,500.0,500,0.0,1.0,104,26.702499948441982,Optimal,104.0,21.38229995034635,0.0
balanced,100,3,300,4,0.1,95,85,50000,500,500.0,500,0.0,1.0,123,26.702499948441982,Optimal,123.0,20.437899976968765,0.0
balanced,100,3,300,4,0.1,98,90,50000,500,500.0,500,0.0,1.0,158,26.702499948441982,Optimal,158.0,16.052399994805455,0.0
balanced,100,3,300,4,1.0,90,80,50000,500,500.0,500,0.0,1.0,104,26.969200000166893,Optimal,104.0,21.38229995034635,0.0
balanced,100,3,300,4,1.0,95,85,50000,500,500.0,500,0.0,1.0,123,26.969200000166893,Optimal,123.0,20.437899976968765,0.0
balanced,100,3,300,4,1.0,98,90,50000,500,500.0,500,0.0,1.0,158,26.969200000166893,Optimal,158.0,16.052399994805455,0.0
heterogeneous,100,3,300,0,0.0,90,80,50000,23,542.0,646,0.32498615355119365,28.08695652173913,176,35.09459993802011,Optimal,108.0,19.93820001371205,68.0
heterogeneous,100,3,300,0,0.0,95,85,50000,23,542.0,646,0.32498615355119365,28.08695652173913,209,35.09459993802011,Optimal,122.0,18.595899920910597,87.0
heterogeneous,100,3,300,0,0.0,98,90,50000,23,542.0,646,0.32498615355119365,28.08695652173913,209,35.09459993802011,Optimal,153.0,15.176800079643726,56.0
heterogeneous,100,3,300,0,0.01,90,80,50000,23,542.0,646,0.32498615355119365,28.08695652173913,176,30.287800123915076,Optimal,108.0,19.93820001371205,68.0
heterogeneous,100,3,300,0,0.01,95,85,50000,23,542.0,646,0.32498615355119365,28.08695652173913,177,30.287800123915076,Optimal,122.0,18.595899920910597,55.0
heterogeneous,100,3,300,0,0.01,98,90,50000,23,542.0,646,0.32498615355119365,28.08695652173913,178,30.287800123915076,Optimal,153.0,15.176800079643726,25.0
heterogeneous,100,3,300,0,0.02,90,80,50000,23,542.0,646,0.32498615355119365,28.08695652173913,176,29.634299920871854,Optimal,108.0,19.93820001371205,68.0
heterogeneous,100,3,300,0,0.02,95,85,50000,23,542.0,646,0.32498615355119365,28.08695652173913,177,29.634299920871854,Optimal,122.0,18.595899920910597,55.0
heterogeneous,100,3,300,0,0.02,98,90,50000,23,542.0,646,0.32498615355119365,28.08695652173913,178,29.634299920871854,Optimal,153.0,15.176800079643726,25.0
heterogeneous,100,3,300,0,0.1,90,80,50000,23,542.0,646,0.32498615355119365,28.08695652173913,176,29.937000013887882,Optimal,108.0,19.93820001371205,68.0
heterogeneous,100,3,300,0,0.1,95,85,50000,23,542.0,646,0.32498615355119365,28.08695652173913,177,29.937000013887882,Optimal,122.0,18.595899920910597,55.0
heterogeneous,100,3,300,0,0.1,98,90,50000,23,542.0,646,0.32498615355119365,28.08695652173913,178,29.937000013887882,Optimal,153.0,15.176800079643726,25.0
heterogeneous,100,3,300,0,1.0,90,80,50000,23,542.0,646,0.32498615355119365,28.08695652173913,176,29.736900003626943,Optimal,108.0,19.93820001371205,68.0
heterogeneous,100,3,300,0,1.0,95,85,50000,23,542.0,646,0.32498615355119365,28.08695652173913,177,29.736900003626943,Optimal,122.0,18.595899920910597,55.0
heterogeneous,100,3,300,0,1.0,98,90,50000,23,542.0,646,0.32498615355119365,28.08695652173913,178,29.736900003626943,Optimal,153.0,15.176800079643726,25.0
heterogeneous,100,3,300,1,0.0,90,80,50000,23,542.0,646,0.32498615355119365,28.08695652173913,176,30.101400101557374,Optimal,104.0,20.795200020074844,72.0
heterogeneous,100,3,300,1,0.0,95,85,50000,23,542.0,646,0.32498615355119365,28.08695652173913,176,30.101400101557374,Optimal,123.0,32.39540010690689,53.0
heterogeneous,100,3,300,1,0.0,98,90,50000,23,542.0,646,0.32498615355119365,28.08695652173913,176,30.101400101557374,Optimal,154.0,15.136699890717864,22.0
heterogeneous,100,3,300,1,0.01,90,80,50000,23,542.0,646,0.32498615355119365,28.08695652173913,176,30.40069993585348,Optimal,104.0,20.795200020074844,72.0
heterogeneous,100,3,300,1,0.01,95,85,50000,23,542.0,646,0.32498615355119365,28.08695652173913,176,30.40069993585348,Optimal,123.0,32.39540010690689,53.0
heterogeneous,100,3,300,1,0.01,98,90,50000,23,542.0,646,0.32498615355119365,28.08695652173913,176,30.40069993585348,Optimal,154.0,15.136699890717864,22.0
heterogeneous,100,3,300,1,0.02,90,80,50000,23,542.0,646,0.32498615355119365,28.08695652173913,176,30.322200153023005,Optimal,104.0,20.795200020074844,72.0
heterogeneous,100,3,300,1,0.02,95,85,50000,23,542.0,646,0.32498615355119365,28.08695652173913,176,30.322200153023005,Optimal,123.0,32.39540010690689,53.0
heterogeneous,100,3,300,1,0.02,98,90,50000,23,542.0,646,0.32498615355119365,28.08695652173913,176,30.322200153023005,Optimal,154.0,15.136699890717864,22.0
heterogeneous,100,3,300,1,0.1,90,80,50000,23,542.0,646,0.32498615355119365,28.08695652173913,176,30.373899964615703,Optimal,104.0,20.795200020074844,72.0
heterogeneous,100,3,300,1,0.1,95,85,50000,23,542.0,646,0.32498615355119365,28.08695652173913,176,30.373899964615703,Optimal,123.0,32.39540010690689,53.0
heterogeneous,100,3,300,1,0.1,98,90,50000,23,542.0,646,0.32498615355119365,28.08695652173913,176,30.373899964615703,Optimal,154.0,15.136699890717864,22.0
heterogeneous,100,3,300,1,1.0,90,80,50000,23,542.0,646,0.32498615355119365,28.08695652173913,176,30.387199949473143,Optimal,104.0,20.795200020074844,72.0
heterogeneous,100,3,300,1,1.0,95,85,50000,23,542.0,646,0.32498615355119365,28.08695652173913,176,30.387199949473143,Optimal,123.0,32.39540010690689,53.0
heterogeneous,100,3,300,1,1.0,98,90,50000,23,542.0,646,0.32498615355119365,28.08695652173913,176,30.387199949473143,Optimal,154.0,15.136699890717864,22.0
heterogeneous,100,3,300,2,0.0,90,80,50000,23,542.0,646,0.32498615355119365,28.08695652173913,173,29.250499792397022,Optimal,104.0,20.566799910739064,69.0
heterogeneous,100,3,300,2,0.0,95,85,50000,23,542.0,646,0.32498615355119365,28.08695652173913,173,29.250499792397022,Optimal,119.0,19.6106000803411,54.0
heterogeneous,100,3,300,2,0.0,98,90,50000,23,542.0,646,0.32498615355119365,28.08695652173913,173,29.250499792397022,Optimal,153.0,16.170900082215667,20.0
heterogeneous,100,3,300,2,0.01,90,80,50000,23,542.0,646,0.32498615355119365,28.08695652173913,171,28.825900051742792,Optimal,104.0,20.566799910739064,67.0
heterogeneous,100,3,300,2,0.01,95,85,50000,23,542.0,646,0.32498615355119365,28.08695652173913,171,28.825900051742792,Optimal,119.0,19.6106000803411,52.0
heterogeneous,100,3,300,2,0.01,98,90,50000,23,542.0,646,0.32498615355119365,28.08695652173913,171,28.825900051742792,Optimal,153.0,16.170900082215667,18.0
heterogeneous,100,3,300,2,0.02,90,80,50000,23,542.0,646,0.32498615355119365,28.08695652173913,171,29.05720006674528,Optimal,104.0,20.566799910739064,67.0
heterogeneous,100,3,300,2,0.02,95,85,50000,23,542.0,646,0.32498615355119365,28.08695652173913,171,29.05720006674528,Optimal,119.0,19.6106000803411,52.0
heterogeneous,100,3,300,2,0.02,98,90,50000,23,542.0,646,0.32498615355119365,28.08695652173913,171,29.05720006674528,Optimal,153.0,16.170900082215667,18.0
heterogeneous,100,3,300,2,0.1,90,80,50000,23,542.0,646,0.32498615355119365,28.08695652173913,171,28.857599943876266,Optimal,104.0,20.566799910739064,67.0
heterogeneous,100,3,300,2,0.1,95,85,50000,23,542.0,646,0.32498615355119365,28.08695652173913,171,28.857599943876266,Optimal,119.0,19.6106000803411,52.0
heterogeneous,100,3,300,2,0.1,98,90,50000,23,542.0,646,0.32498615355119365,28.08695652173913,171,28.857599943876266,Optimal,153.0,16.170900082215667,18.0
heterogeneous,100,3,300,2,1.0,90,80,50000,23,542.0,646,0.32498615355119365,28.08695652173913,171,28.994000051170588,Optimal,104.0,20.566799910739064,67.0
heterogeneous,100,3,300,2,1.0,95,85,50000,23,542.0,646,0.32498615355119365,28.08695652173913,171,28.994000051170588,Optimal,119.0,19.6106000803411,52.0
heterogeneous,100,3,300,2,1.0,98,90,50000,23,542.0,646,0.32498615355119365,28.08695652173913,171,28.994000051170588,Optimal,153.0,16.170900082215667,18.0
heterogeneous,100,3,300,3,0.0,90,80,50000,23,542.0,646,0.32498615355119365,28.08695652173913,201,33.871900057420135,Optimal,108.0,20.1791999861598,93.0
heterogeneous,100,3,300,3,0.0,95,85,50000,23,542.0,646,0.32498615355119365,28.08695652173913,201,33.871900057420135,Optimal,112.0,19.7354000993073,89.0
heterogeneous,100,3,300,3,0.0,98,90,50000,23,542.0,646,0.32498615355119365,28.08695652173913,201,33.871900057420135,Optimal,148.0,17.411400098353624,53.0
heterogeneous,100,3,300,3,0.01,90,80,50000,23,542.0,646,0.32498615355119365,28.08695652173913,164,27.574799954891205,Optimal,108.0,20.1791999861598,56.0
heterogeneous,100,3,300,3,0.01,95,85,50000,23,542.0,646,0.32498615355119365,28.08695652173913,164,27.574799954891205,Optimal,112.0,19.7354000993073,52.0
heterogeneous,100,3,300,3,0.01,98,90,50000,23,542.0,646,0.32498615355119365,28.08695652173913,164,27.574799954891205,Optimal,148.0,17.411400098353624,16.0
heterogeneous,100,3,300,3,0.02,90,80,50000,23,542.0,646,0.32498615355119365,28.08695652173913,164,27.564800111576915,Optimal,108.0,20.1791999861598,56.0
heterogeneous,100,3,300,3,0.02,95,85,50000,23,542.0,646,0.32498615355119365,28.08695652173913,164,27.564800111576915,Optimal,112.0,19.7354000993073,52.0
heterogeneous,100,3,300,3,0.02,98,90,50000,23,542.0,646,0.32498615355119365,28.08695652173913,164,27.564800111576915,Optimal,148.0,17.411400098353624,16.0
heterogeneous,100,3,300,3,0.1,90,80,50000,23,542.0,646,0.32498615355119365,28.08695652173913,164,28.204299975186586,Optimal,108.0,20.1791999861598,56.0
heterogeneous,100,3,300,3,0.1,95,85,50000,23,542.0,646,0.32498615355119365,28.08695652173913,164,28.204299975186586,Optimal,112.0,19.7354000993073,52.0
heterogeneous,100,3,300,3,0.1,98,90,50000,23,542.0,646,0.32498615355119365,28.08695652173913,164,28.204299975186586,Optimal,148.0,17.411400098353624,16.0
heterogeneous,100,3,300,3,1.0,90,80,50000,23,542.0,646,0.32498615355119365,28.08695652173913,164,27.25829998962581,Optimal,108.0,20.1791999861598,56.0
heterogeneous,100,3,300,3,1.0,95,85,50000,23,542.0,646,0.32498615355119365,28.08695652173913,164,27.25829998962581,Optimal,112.0,19.7354000993073,52.0
heterogeneous,100,3,300,3,1.0,98,90,50000,23,542.0,646,0.32498615355119365,28.08695652173913,164,27.25829998962581,Optimal,148.0,17.411400098353624,16.0
heterogeneous,100,3,300,4,0.0,90,80,50000,23,542.0,646,0.32498615355119365,28.08695652173913,192,34.75719993002713,Optimal,104.0,20.989099983125925,88.0
heterogeneous,100,3,300,4,0.0,95,85,50000,23,542.0,646,0.32498615355119365,28.08695652173913,192,34.75719993002713,Optimal,122.0,19.354699878022075,70.0
heterogeneous,100,3,300,4,0.0,98,90,50000,23,542.0,646,0.32498615355119365,28.08695652173913,211,34.75719993002713,Optimal,155.0,15.477299923077226,56.0
heterogeneous,100,3,300,4,0.01,90,80,50000,23,542.0,646,0.32498615355119365,28.08695652173913,175,39.53459998592734,Optimal,104.0,20.989099983125925,71.0
heterogeneous,100,3,300,4,0.01,95,85,50000,23,542.0,646,0.32498615355119365,28.08695652173913,175,39.53459998592734,Optimal,122.0,19.354699878022075,53.0
heterogeneous,100,3,300,4,0.01,98,90,50000,23,542.0,646,0.32498615355119365,28.08695652173913,207,39.53459998592734,Optimal,155.0,15.477299923077226,52.0
heterogeneous,100,3,300,4,0.02,90,80,50000,23,542.0,646,0.32498615355119365,28.08695652173913,175,39.6851000841707,Optimal,104.0,20.989099983125925,71.0
heterogeneous,100,3,300,4,0.02,95,85,50000,23,542.0,646,0.32498615355119365,28.08695652173913,175,39.6851000841707,Optimal,122.0,19.354699878022075,53.0
heterogeneous,100,3,300,4,0.02,98,90,50000,23,542.0,646,0.32498615355119365,28.08695652173913,207,39.6851000841707,Optimal,155.0,15.477299923077226,52.0
heterogeneous,100,3,300,4,0.1,90,80,50000,23,542.0,646,0.32498615355119365,28.08695652173913,175,39.863500045612454,Optimal,104.0,20.989099983125925,71.0
heterogeneous,100,3,300,4,0.1,95,85,50000,23,542.0,646,0.32498615355119365,28.08695652173913,175,39.863500045612454,Optimal,122.0,19.354699878022075,53.0
heterogeneous,100,3,300,4,0.1,98,90,50000,23,542.0,646,0.32498615355119365,28.08695652173913,207,39.863500045612454,Optimal,155.0,15.477299923077226,52.0
heterogeneous,100,3,300,4,1.0,90,80,50000,23,542.0,646,0.32498615355119365,28.08695652173913,175,39.56880001351237,Optimal,104.0,20.989099983125925,71.0
heterogeneous,100,3,300,4,1.0,95,85,50000,23,542.0,646,0.32498615355119365,28.08695652173913,175,39.56880001351237,Optimal,122.0,19.354699878022075,53.0
heterogeneous,100,3,300,4,1.0,98,90,50000,23,542.0,646,0.32498615355119365,28.08695652173913,207,39.56880001351237,Optimal,155.0,15.477299923077226,52.0
