traffic_scenario,n_sensors,n_gateways,P_min_pct,S_min_pct,lambda,runs,greedy_k_median,exact_k_median,greedy_gap_mean_links,greedy_gap_median_links,greedy_gap_max_links,optimum_match_rate,greedy_runtime_median_ms,traffic_cv_median,traffic_max_min_ratio_median
balanced,10,3,90,80,0.0,5,10.0,10.0,0.0,0.0,0.0,1.0,0.7042998913675547,0.0,1.0
balanced,10,3,90,80,0.01,5,10.0,10.0,0.0,0.0,0.0,1.0,0.6532999686896801,0.0,1.0
balanced,10,3,90,80,0.02,5,10.0,10.0,0.0,0.0,0.0,1.0,0.6528000812977552,0.0,1.0
balanced,10,3,90,80,0.1,5,10.0,10.0,0.0,0.0,0.0,1.0,0.6487001664936543,0.0,1.0
balanced,10,3,90,80,1.0,5,10.0,10.0,0.0,0.0,0.0,1.0,0.6419001147150993,0.0,1.0
balanced,10,3,95,85,0.0,5,12.0,12.0,0.0,0.0,0.0,1.0,0.7042998913675547,0.0,1.0
balanced,10,3,95,85,0.01,5,12.0,12.0,0.0,0.0,0.0,1.0,0.6532999686896801,0.0,1.0
balanced,10,3,95,85,0.02,5,12.0,12.0,0.0,0.0,0.0,1.0,0.6528000812977552,0.0,1.0
balanced,10,3,95,85,0.1,5,12.0,12.0,0.0,0.0,0.0,1.0,0.6487001664936543,0.0,1.0
balanced,10,3,95,85,1.0,5,12.0,12.0,0.0,0.0,0.0,1.0,0.6419001147150993,0.0,1.0
balanced,10,3,98,90,0.0,5,16.0,16.0,0.0,0.0,0.0,1.0,0.7042998913675547,0.0,1.0
balanced,10,3,98,90,0.01,5,16.0,16.0,0.0,0.0,0.0,1.0,0.6532999686896801,0.0,1.0
balanced,10,3,98,90,0.02,5,16.0,16.0,0.0,0.0,0.0,1.0,0.6528000812977552,0.0,1.0
balanced,10,3,98,90,0.1,5,16.0,16.0,0.0,0.0,0.0,1.0,0.6487001664936543,0.0,1.0
balanced,10,3,98,90,1.0,5,16.0,16.0,0.0,0.0,0.0,1.0,0.6419001147150993,0.0,1.0
balanced,50,3,90,80,0.0,5,53.0,53.0,0.0,0.0,0.0,1.0,6.8743000738322735,0.0,1.0
balanced,50,3,90,80,0.01,5,53.0,53.0,0.0,0.0,0.0,1.0,6.723899859935045,0.0,1.0
balanced,50,3,90,80,0.02,5,53.0,53.0,0.0,0.0,0.0,1.0,6.657800171524286,0.0,1.0
balanced,50,3,90,80,0.1,5,53.0,53.0,0.0,0.0,0.0,1.0,6.63490011356771,0.0,1.0
balanced,50,3,90,80,1.0,5,53.0,53.0,0.0,0.0,0.0,1.0,6.674699950963259,0.0,1.0
balanced,50,3,95,85,0.0,5,61.0,61.0,0.0,0.0,0.0,1.0,6.8743000738322735,0.0,1.0
balanced,50,3,95,85,0.01,5,61.0,61.0,0.0,0.0,0.0,1.0,6.723899859935045,0.0,1.0
balanced,50,3,95,85,0.02,5,61.0,61.0,0.0,0.0,0.0,1.0,6.657800171524286,0.0,1.0
balanced,50,3,95,85,0.1,5,61.0,61.0,0.0,0.0,0.0,1.0,6.63490011356771,0.0,1.0
balanced,50,3,95,85,1.0,5,61.0,61.0,0.0,0.0,0.0,1.0,6.674699950963259,0.0,1.0
balanced,50,3,98,90,0.0,5,80.0,80.0,0.0,0.0,0.0,1.0,6.8743000738322735,0.0,1.0
balanced,50,3,98,90,0.01,5,80.0,80.0,0.0,0.0,0.0,1.0,6.723899859935045,0.0,1.0
balanced,50,3,98,90,0.02,5,80.0,80.0,0.0,0.0,0.0,1.0,6.657800171524286,0.0,1.0
balanced,50,3,98,90,0.1,5,80.0,80.0,0.0,0.0,0.0,1.0,6.63490011356771,0.0,1.0
balanced,50,3,98,90,1.0,5,80.0,80.0,0.0,0.0,0.0,1.0,6.674699950963259,0.0,1.0
balanced,100,3,90,80,0.0,5,104.0,104.0,0.2,0.0,1.0,0.8,26.403299998492002,0.0,1.0
balanced,100,3,90,80,0.01,5,104.0,104.0,0.0,0.0,0.0,1.0,26.565700070932508,0.0,1.0
balanced,100,3,90,80,0.02,5,104.0,104.0,0.0,0.0,0.0,1.0,26.434500003233552,0.0,1.0
balanced,100,3,90,80,0.1,5,104.0,104.0,0.0,0.0,0.0,1.0,26.405500015243888,0.0,1.0
balanced,100,3,90,80,1.0,5,104.0,104.0,0.0,0.0,0.0,1.0,26.493099983781576,0.0,1.0
balanced,100,3,95,85,0.0,5,123.0,123.0,1.8,0.0,7.0,0.6,26.403299998492002,0.0,1.0
balanced,100,3,95,85,0.01,5,123.0,123.0,0.0,0.0,0.0,1.0,26.565700070932508,0.0,1.0
balanced,100,3,95,85,0.02,5,123.0,123.0,0.0,0.0,0.0,1.0,26.434500003233552,0.0,1.0
balanced,100,3,95,85,0.1,5,123.0,123.0,0.0,0.0,0.0,1.0,26.405500015243888,0.0,1.0
balanced,100,3,95,85,1.0,5,123.0,123.0,0.0,0.0,0.0,1.0,26.493099983781576,0.0,1.0
balanced,100,3,98,90,0.0,5,158.0,158.0,0.0,0.0,0.0,1.0,26.403299998492002,0.0,1.0
balanced,100,3,98,90,0.01,5,158.0,158.0,0.2,0.0,1.0,0.8,26.565700070932508,0.0,1.0
balanced,100,3,98,90,0.02,5,158.0,158.0,0.2,0.0,1.0,0.8,26.434500003233552,0.0,1.0
balanced,100,3,98,90,0.1,5,158.0,158.0,0.2,0.0,1.0,0.8,26.405500015243888,0.0,1.0
balanced,100,3,98,90,1.0,5,158.0,158.0,0.2,0.0,1.0,0.8,26.493099983781576,0.0,1.0
heterogeneous,10,3,90,80,0.0,5,17.0,10.0,7.4,7.0,9.0,0.0,0.82250009290874,0.32498615355119365,28.08695652173913
heterogeneous,10,3,90,80,0.01,5,12.0,10.0,2.4,2.0,7.0,0.2,0.6811998318880796,0.32498615355119365,28.08695652173913
heterogeneous,10,3,90,80,0.02,5,10.0,10.0,0.6,0.0,3.0,0.8,0.6660998333245516,0.32498615355119365,28.08695652173913
heterogeneous,10,3,90,80,0.1,5,10.0,10.0,0.0,0.0,0.0,1.0,0.6701999809592962,0.32498615355119365,28.08695652173913
heterogeneous,10,3,90,80,1.0,5,10.0,10.0,0.0,0.0,0.0,1.0,0.6703999824821949,0.32498615355119365,28.08695652173913
heterogeneous,10,3,95,85,0.0,5,17.0,12.0,5.6,5.0,9.0,0.0,0.82250009290874,0.32498615355119365,28.08695652173913
heterogeneous,10,3,95,85,0.01,5,13.0,12.0,1.4,0.0,7.0,0.8,0.6811998318880796,0.32498615355119365,28.08695652173913
heterogeneous,10,3,95,85,0.02,5,13.0,12.0,0.6,0.0,3.0,0.8,0.6660998333245516,0.32498615355119365,28.08695652173913
heterogeneous,10,3,95,85,0.1,5,12.0,12.0,0.0,0.0,0.0,1.0,0.6701999809592962,0.32498615355119365,28.08695652173913
heterogeneous,10,3,95,85,1.0,5,12.0,12.0,0.0,0.0,0.0,1.0,0.6703999824821949,0.32498615355119365,28.08695652173913
heterogeneous,10,3,98,90,0.0,5,17.0,16.0,2.2,1.0,5.0,0.0,0.82250009290874,0.32498615355119365,28.08695652173913
heterogeneous,10,3,98,90,0.01,5,16.0,16.0,0.6,0.0,3.0,0.8,0.6811998318880796,0.32498615355119365,28.08695652173913
heterogeneous,10,3,98,90,0.02,5,16.0,16.0,0.0,0.0,0.0,1.0,0.6660998333245516,0.32498615355119365,28.08695652173913
heterogeneous,10,3,98,90,0.1,5,16.0,16.0,0.2,0.0,1.0,0.8,0.6701999809592962,0.32498615355119365,28.08695652173913
heterogeneous,10,3,98,90,1.0,5,16.0,16.0,0.2,0.0,1.0,0.8,0.6703999824821949,0.32498615355119365,28.08695652173913
heterogeneous,50,3,90,80,0.0,5,88.0,52.0,34.6,36.0,38.0,0.0,9.189300006255507,0.32498615355119365,28.08695652173913
heterogeneous,50,3,90,80,0.01,5,88.0,52.0,33.8,36.0,37.0,0.0,8.374399971216917,0.32498615355119365,28.08695652173913
heterogeneous,50,3,90,80,0.02,5,88.0,52.0,33.8,36.0,37.0,0.0,7.731299847364426,0.32498615355119365,28.08695652173913
heterogeneous,50,3,90,80,0.1,5,88.0,52.0,33.8,36.0,37.0,0.0,7.766100112348795,0.32498615355119365,28.08695652173913
heterogeneous,50,3,90,80,1.0,5,88.0,52.0,33.8,36.0,37.0,0.0,7.708299905061722,0.32498615355119365,28.08695652173913
heterogeneous,50,3,95,85,0.0,5,90.0,61.0,32.4,28.0,42.0,0.0,9.189300006255507,0.32498615355119365,28.08695652173913
heterogeneous,50,3,95,85,0.01,5,90.0,61.0,27.4,28.0,31.0,0.0,8.374399971216917,0.32498615355119365,28.08695652173913
heterogeneous,50,3,95,85,0.02,5,88.0,61.0,25.8,26.0,28.0,0.0,7.731299847364426,0.32498615355119365,28.08695652173913
heterogeneous,50,3,95,85,0.1,5,88.0,61.0,25.8,26.0,28.0,0.0,7.766100112348795,0.32498615355119365,28.08695652173913
heterogeneous,50,3,95,85,1.0,5,88.0,61.0,25.8,26.0,28.0,0.0,7.708299905061722,0.32498615355119365,28.08695652173913
heterogeneous,50,3,98,90,0.0,5,109.0,79.0,26.6,28.0,38.0,0.0,9.189300006255507,0.32498615355119365,28.08695652173913
heterogeneous,50,3,98,90,0.01,5,97.0,79.0,20.0,18.0,28.0,0.0,8.374399971216917,0.32498615355119365,28.08695652173913
heterogeneous,50,3,98,90,0.02,5,90.0,79.0,16.6,11.0,28.0,0.0,7.731299847364426,0.32498615355119365,28.08695652173913
heterogeneous,50,3,98,90,0.1,5,90.0,79.0,16.6,11.0,28.0,0.0,7.766100112348795,0.32498615355119365,28.08695652173913
heterogeneous,50,3,98,90,1.0,5,90.0,79.0,16.6,11.0,28.0,0.0,7.708299905061722,0.32498615355119365,28.08695652173913
heterogeneous,100,3,90,80,0.0,5,176.0,104.0,78.0,72.0,93.0,0.0,33.871900057420135,0.32498615355119365,28.08695652173913
heterogeneous,100,3,90,80,0.01,5,175.0,104.0,66.8,68.0,72.0,0.0,30.287800123915076,0.32498615355119365,28.08695652173913
heterogeneous,100,3,90,80,0.02,5,175.0,104.0,66.8,68.0,72.0,0.0,29.634299920871854,0.32498615355119365,28.08695652173913
heterogeneous,100,3,90,80,0.1,5,175.0,104.0,66.8,68.0,72.0,0.0,29.937000013887882,0.32498615355119365,28.08695652173913
heterogeneous,100,3,90,80,1.0,5,175.0,104.0,66.8,68.0,72.0,0.0,29.736900003626943,0.32498615355119365,28.08695652173913
heterogeneous,100,3,95,85,0.0,5,192.0,122.0,70.6,70.0,89.0,0.0,33.871900057420135,0.32498615355119365,28.08695652173913
heterogeneous,100,3,95,85,0.01,5,175.0,122.0,53.0,53.0,55.0,0.0,30.287800123915076,0.32498615355119365,28.08695652173913
heterogeneous,100,3,95,85,0.02,5,175.0,122.0,53.0,53.0,55.0,0.0,29.634299920871854,0.32498615355119365,28.08695652173913
heterogeneous,100,3,95,85,0.1,5,175.0,122.0,53.0,53.0,55.0,0.0,29.937000013887882,0.32498615355119365,28.08695652173913
heterogeneous,100,3,95,85,1.0,5,175.0,122.0,53.0,53.0,55.0,0.0,29.736900003626943,0.32498615355119365,28.08695652173913
heterogeneous,100,3,98,90,0.0,5,201.0,153.0,41.4,53.0,56.0,0.0,33.871900057420135,0.32498615355119365,28.08695652173913
heterogeneous,100,3,98,90,0.01,5,176.0,153.0,26.6,22.0,52.0,0.0,30.287800123915076,0.32498615355119365,28.08695652173913
heterogeneous,100,3,98,90,0.02,5,176.0,153.0,26.6,22.0,52.0,0.0,29.634299920871854,0.32498615355119365,28.08695652173913
heterogeneous,100,3,98,90,0.1,5,176.0,153.0,26.6,22.0,52.0,0.0,29.937000013887882,0.32498615355119365,28.08695652173913
heterogeneous,100,3,98,90,1.0,5,176.0,153.0,26.6,22.0,52.0,0.0,29.736900003626943,0.32498615355119365,28.08695652173913
