traffic_scenario,n_sensors,n_gateways,seed,P_min_pct,S_min_pct,exact_k,proposed_lambda,proposed_k,proposed_gap_links,multicover_k,multicover_gap_links
heterogeneous,10,3,0,90,80,10.0,1.0,10,0.0,10.0,0.0
heterogeneous,10,3,0,95,85,11.0,1.0,11,0.0,11.0,0.0
heterogeneous,10,3,0,98,90,14.0,1.0,14,0.0,14.0,0.0
heterogeneous,10,3,1,90,80,10.0,1.0,10,0.0,10.0,0.0
heterogeneous,10,3,1,95,85,13.0,1.0,13,0.0,13.0,0.0
heterogeneous,10,3,1,98,90,16.0,1.0,16,0.0,16.0,0.0
heterogeneous,10,3,2,90,80,10.0,1.0,10,0.0,10.0,0.0
heterogeneous,10,3,2,95,85,13.0,1.0,13,0.0,13.0,0.0
heterogeneous,10,3,2,98,90,16.0,1.0,17,1.0,16.0,0.0
heterogeneous,10,3,3,90,80,11.0,1.0,11,0.0,11.0,0.0
heterogeneous,10,3,3,95,85,11.0,1.0,11,0.0,11.0,0.0
heterogeneous,10,3,3,98,90,15.0,1.0,15,0.0,15.0,0.0
heterogeneous,10,3,4,90,80,10.0,1.0,10,0.0,10.0,0.0
heterogeneous,10,3,4,95,85,12.0,1.0,12,0.0,12.0,0.0
heterogeneous,10,3,4,98,90,16.0,1.0,16,0.0,16.0,0.0
heterogeneous,50,3,0,90,80,52.0,1.0,89,37.0,52.0,0.0
heterogeneous,50,3,0,95,85,64.0,1.0,90,26.0,64.0,0.0
heterogeneous,50,3,0,98,90,81.0,1.0,109,28.0,81.0,0.0
heterogeneous,50,3,1,90,80,53.0,1.0,90,37.0,53.0,0.0
heterogeneous,50,3,1,95,85,64.0,1.0,90,26.0,64.0,0.0
heterogeneous,50,3,1,98,90,79.0,1.0,90,11.0,79.0,0.0
heterogeneous,50,3,2,90,80,52.0,1.0,88,36.0,52.0,0.0
heterogeneous,50,3,2,95,85,60.0,1.0,88,28.0,60.0,0.0
heterogeneous,50,3,2,98,90,79.0,1.0,89,10.0,79.0,0.0
heterogeneous,50,3,3,90,80,54.0,1.0,79,25.0,54.0,0.0
heterogeneous,50,3,3,95,85,55.0,1.0,79,24.0,55.0,0.0
heterogeneous,50,3,3,98,90,72.0,1.0,80,8.0,72.0,0.0
heterogeneous,50,3,4,90,80,51.0,1.0,85,34.0,51.0,0.0
heterogeneous,50,3,4,95,85,61.0,1.0,86,25.0,61.0,0.0
heterogeneous,50,3,4,98,90,78.0,1.0,104,26.0,78.0,0.0
heterogeneous,100,3,0,90,80,108.0,1.0,176,68.0,108.0,0.0
heterogeneous,100,3,0,95,85,122.0,1.0,177,55.0,122.0,0.0
heterogeneous,100,3,0,98,90,153.0,1.0,178,25.0,153.0,0.0
heterogeneous,100,3,1,90,80,104.0,1.0,176,72.0,104.0,0.0
heterogeneous,100,3,1,95,85,123.0,1.0,176,53.0,123.0,0.0
heterogeneous,100,3,1,98,90,154.0,1.0,176,22.0,154.0,0.0
heterogeneous,100,3,2,90,80,104.0,1.0,171,67.0,104.0,0.0
heterogeneous,100,3,2,95,85,119.0,1.0,171,52.0,119.0,0.0
heterogeneous,100,3,2,98,90,153.0,1.0,171,18.0,153.0,0.0
heterogeneous,100,3,3,90,80,108.0,1.0,164,56.0,108.0,0.0
heterogeneous,100,3,3,95,85,112.0,1.0,164,52.0,112.0,0.0
heterogeneous,100,3,3,98,90,148.0,1.0,164,16.0,148.0,0.0
heterogeneous,100,3,4,90,80,104.0,1.0,175,71.0,104.0,0.0
heterogeneous,100,3,4,95,85,122.0,1.0,175,53.0,122.0,0.0
heterogeneous,100,3,4,98,90,155.0,1.0,207,52.0,155.0,0.0
