step,lambda,current_worst_sensor_coverage_pct,n_sensors_at_current_worst,candidate_link,new_packets,packet_gain_pct,candidate_worst_sensor_coverage_pct,fairness_gain_pct,marginal_score,selected
1,1.0,0.0,3,s1→a,4,44.44444444444444,0.0,0.0,44.44444444444444,True
1,1.0,0.0,3,s1→b,1,11.11111111111111,0.0,0.0,11.11111111111111,False
1,1.0,0.0,3,s2→a,2,22.22222222222222,0.0,0.0,22.22222222222222,False
1,1.0,0.0,3,s3→a,1,11.11111111111111,0.0,0.0,11.11111111111111,False
2,1.0,0.0,2,s1→b,1,11.11111111111111,0.0,0.0,11.11111111111111,False
2,1.0,0.0,2,s2→a,2,22.22222222222222,0.0,0.0,22.22222222222222,True
2,1.0,0.0,2,s3→a,1,11.11111111111111,0.0,0.0,11.11111111111111,False
3,1.0,0.0,1,s1→b,1,11.11111111111111,0.0,0.0,11.11111111111111,False
3,1.0,0.0,1,s3→a,1,11.11111111111111,50.0,50.0,61.111111111111114,True
