test_month,P_min_pct,S_min_pct,baseline_fit_months,complete_fit_months,baseline_n_links,complete_n_links,baseline_packet_coverage_pct,baseline_worst_sensor_coverage_pct,baseline_meets_both_thresholds,complete_packet_coverage_pct,complete_worst_sensor_coverage_pct,complete_meets_both_thresholds
2024-06,90,80,2024-02;2024-03;2024-04,2024-03;2024-04;2024-05,9,9,90.92120929750996,68.6696562032885,False,90.92120929750996,68.6696562032885,False
2024-07,90,80,2024-02;2024-03;2024-04,2024-03;2024-04;2024-05,9,9,90.50382023033926,66.59597030752916,False,90.50382023033926,66.59597030752916,False
2024-08,90,80,2024-02;2024-03;2024-04,2024-03;2024-04;2024-05,9,9,91.2653452941098,68.66693927622163,False,91.2653452941098,68.66693927622163,False
2024-09,90,80,2024-02;2024-03;2024-04,2024-03;2024-04;2024-05,9,9,91.40820700875449,71.31074232336282,False,91.40820700875449,71.31074232336282,False
2024-10,90,80,2024-02;2024-03;2024-04,2024-03;2024-04;2024-05,9,9,91.50319414636596,72.27579556412729,False,91.50319414636596,72.27579556412729,False
2024-11,90,80,2024-02;2024-03;2024-04,2024-03;2024-04;2024-05,9,9,90.67533311667208,70.32637987823136,False,90.67533311667208,70.32637987823136,False
2024-12,90,80,2024-02;2024-03;2024-04,2024-03;2024-04;2024-05,9,9,91.8923334045414,70.17510101981912,False,91.8923334045414,70.17510101981912,False
2025-01,90,80,2024-02;2024-03;2024-04,2024-03;2024-04;2024-05,9,9,90.66857257498245,74.21371549485428,False,90.66857257498245,74.21371549485428,False
2025-02,90,80,2024-02;2024-03;2024-04,2024-03;2024-04;2024-05,9,9,90.75380557409349,75.7825770444067,False,90.75380557409349,75.7825770444067,False
2025-03,90,80,2024-02;2024-03;2024-04,2024-03;2024-04;2024-05,9,9,90.42094322463298,78.44424549885606,False,90.42094322463298,78.44424549885606,False
2025-04,90,80,2024-02;2024-03;2024-04,2024-03;2024-04;2024-05,9,9,88.26988054380504,72.69391499337479,False,88.26988054380504,72.69391499337479,False
2025-05,90,80,2024-02;2024-03;2024-04,2024-03;2024-04;2024-05,9,9,54.09039825352331,0.0,False,54.09039825352331,0.0,False
2025-06,90,80,2024-02;2024-03;2024-04,2024-03;2024-04;2024-05,9,9,82.28727362937236,0.0,False,82.28727362937236,0.0,False
2024-06,95,85,2024-02;2024-03;2024-04,2024-03;2024-04;2024-05,10,10,94.99016410415696,84.5183887915937,False,94.99016410415696,84.5183887915937,False
2024-07,95,85,2024-02;2024-03;2024-04,2024-03;2024-04;2024-05,10,10,94.83674924033063,85.65976639296866,False,94.83674924033063,85.65976639296866,False
2024-08,95,85,2024-02;2024-03;2024-04,2024-03;2024-04;2024-05,10,10,95.3507591005425,89.02635160212792,True,95.3507591005425,89.02635160212792,True
2024-09,95,85,2024-02;2024-03;2024-04,2024-03;2024-04;2024-05,10,10,95.13596570513648,86.88077743541123,True,95.13596570513648,86.88077743541123,True
2024-10,95,85,2024-02;2024-03;2024-04,2024-03;2024-04;2024-05,10,10,95.11151273265811,88.79837067209776,True,95.11151273265811,88.79837067209776,True
2024-11,95,85,2024-02;2024-03;2024-04,2024-03;2024-04;2024-05,10,10,94.54013649658758,87.82968657599054,False,94.54013649658758,87.82968657599054,False
2024-12,95,85,2024-02;2024-03;2024-04,2024-03;2024-04;2024-05,10,10,95.78783347365511,88.27686784832848,True,95.78783347365511,88.27686784832848,True
2025-01,95,85,2024-02;2024-03;2024-04,2024-03;2024-04;2024-05,10,10,94.03024375564249,86.6232746044215,False,94.03024375564249,86.6232746044215,False
2025-02,95,85,2024-02;2024-03;2024-04,2024-03;2024-04;2024-05,10,10,93.92538214637557,83.10935068609422,False,93.92538214637557,83.10935068609422,False
2025-03,95,85,2024-02;2024-03;2024-04,2024-03;2024-04;2024-05,10,10,93.23632584123685,84.72625828199465,False,93.23632584123685,84.72625828199465,False
2025-04,95,85,2024-02;2024-03;2024-04,2024-03;2024-04;2024-05,10,10,91.83361268523691,83.81509794553273,False,91.83361268523691,83.81509794553273,False
2025-05,95,85,2024-02;2024-03;2024-04,2024-03;2024-04;2024-05,10,10,61.449627323576145,0.0,False,61.449627323576145,0.0,False
2025-06,95,85,2024-02;2024-03;2024-04,2024-03;2024-04;2024-05,10,10,84.5873055250381,0.0,False,84.5873055250381,0.0,False
2024-06,98,90,2024-02;2024-03;2024-04,2024-03;2024-04;2024-05,14,13,99.01511621887457,96.0455919981391,True,98.66956566754672,96.0455919981391,True
2024-07,98,90,2024-02;2024-03;2024-04,2024-03;2024-04;2024-05,14,13,98.6332203728945,93.46383170210372,True,98.23681676649701,93.46383170210372,True
2024-08,98,90,2024-02;2024-03;2024-04,2024-03;2024-04;2024-05,14,13,98.7723764712155,95.4512893982808,True,98.35517108086853,95.4512893982808,True
2024-09,98,90,2024-02;2024-03;2024-04,2024-03;2024-04;2024-05,14,13,98.71394261808227,94.02464543129504,True,98.17937659788755,94.02464543129504,True
2024-10,98,90,2024-02;2024-03;2024-04,2024-03;2024-04;2024-05,14,13,98.5780087101673,94.56717763751128,True,97.60658659337074,91.28043990573448,False
2024-11,98,90,2024-02;2024-03;2024-04,2024-03;2024-04;2024-05,14,13,98.87162820929477,95.22204138572425,True,97.51576210594735,87.83185840707965,False
2024-12,98,90,2024-02;2024-03;2024-04,2024-03;2024-04;2024-05,14,13,99.13042385553977,95.67318498538998,True,97.8172633483708,88.27686784832848,False
2025-01,98,90,2024-02;2024-03;2024-04,2024-03;2024-04;2024-05,14,13,98.71476577389909,92.97685554668794,True,97.22013241047246,86.6232746044215,False
2025-02,98,90,2024-02;2024-03;2024-04,2024-03;2024-04;2024-05,14,13,98.57787523437251,92.07157404713413,True,96.68064956939016,83.10935068609422,False
2025-03,98,90,2024-02;2024-03;2024-04,2024-03;2024-04;2024-05,14,13,97.94725217617254,88.06145185880145,False,96.24009354293881,84.72625828199465,False
2025-04,98,90,2024-02;2024-03;2024-04,2024-03;2024-04;2024-05,14,13,97.26102109771996,85.34723063871046,False,95.45853619602522,83.81509794553273,False
2025-05,98,90,2024-02;2024-03;2024-04,2024-03;2024-04;2024-05,14,13,79.53573689173653,0.0,False,75.79734669887486,0.0,False
2025-06,98,90,2024-02;2024-03;2024-04,2024-03;2024-04;2024-05,14,13,86.97593649218557,0.0,False,86.97593649218557,0.0,False
