test_month,P_min_pct,S_min_pct,policy,fit_method,fit_months,fit_status,n_links,packet_coverage_pct,worst_sensor_coverage_pct,median_sensor_coverage_pct,n_active_sensors,meets_packet_threshold,meets_sensor_threshold,meets_both_thresholds,is_initial_observation_cold_start,is_before_frozen_policy_available
2024-03,90,80,previous_month,proposed,2024-02,Feasible,9,62.564525570751954,14.6177750155376,95.02749502749502,9,False,False,False,True,True
2024-03,90,80,expanding_window,proposed,2024-02,Feasible,9,62.564525570751954,14.6177750155376,95.02749502749502,9,False,False,False,True,True
2024-03,90,80,previous_month,multicover,2024-02,Feasible,9,71.56218402426694,17.333499005964214,95.73250685421384,9,False,False,False,True,True
2024-03,90,80,expanding_window,multicover,2024-02,Feasible,9,71.56218402426694,17.333499005964214,95.73250685421384,9,False,False,False,True,True
2024-03,90,80,previous_month,coverage_only,2024-02,Feasible,9,62.564525570751954,14.6177750155376,95.02749502749502,9,False,False,False,True,True
2024-03,90,80,expanding_window,coverage_only,2024-02,Feasible,9,62.564525570751954,14.6177750155376,95.02749502749502,9,False,False,False,True,True
2024-03,90,80,previous_month,exact,2024-02,Optimal,9,62.564525570751954,14.6177750155376,95.02749502749502,9,False,False,False,True,True
2024-03,90,80,expanding_window,exact,2024-02,Optimal,9,62.564525570751954,14.6177750155376,95.02749502749502,9,False,False,False,True,True
2024-03,90,80,retrospective_oracle,exact,2024-03,Optimal,9,97.15289234207866,95.02749502749502,96.28147799482232,9,True,True,True,True,True
2024-03,95,85,previous_month,proposed,2024-02,Feasible,9,62.564525570751954,14.6177750155376,95.02749502749502,9,False,False,False,True,True
2024-03,95,85,expanding_window,proposed,2024-02,Feasible,9,62.564525570751954,14.6177750155376,95.02749502749502,9,False,False,False,True,True
2024-03,95,85,previous_month,multicover,2024-02,Feasible,9,71.56218402426694,17.333499005964214,95.73250685421384,9,False,False,False,True,True
2024-03,95,85,expanding_window,multicover,2024-02,Feasible,9,71.56218402426694,17.333499005964214,95.73250685421384,9,False,False,False,True,True
2024-03,95,85,previous_month,coverage_only,2024-02,Feasible,9,62.564525570751954,14.6177750155376,95.02749502749502,9,False,False,False,True,True
2024-03,95,85,expanding_window,coverage_only,2024-02,Feasible,9,62.564525570751954,14.6177750155376,95.02749502749502,9,False,False,False,True,True
2024-03,95,85,previous_month,exact,2024-02,Optimal,9,62.564525570751954,14.6177750155376,95.02749502749502,9,False,False,False,True,True
2024-03,95,85,expanding_window,exact,2024-02,Optimal,9,62.564525570751954,14.6177750155376,95.02749502749502,9,False,False,False,True,True
2024-03,95,85,retrospective_oracle,exact,2024-03,Optimal,9,97.15289234207866,95.02749502749502,96.28147799482232,9,True,True,True,True,True
2024-03,98,90,previous_month,proposed,2024-02,Feasible,11,71.95598956947475,17.333499005964214,95.73250685421384,9,False,False,False,True,True
2024-03,98,90,expanding_window,proposed,2024-02,Feasible,11,71.95598956947475,17.333499005964214,95.73250685421384,9,False,False,False,True,True
2024-03,98,90,previous_month,multicover,2024-02,Feasible,11,71.95598956947475,17.333499005964214,95.73250685421384,9,False,False,False,True,True
2024-03,98,90,expanding_window,multicover,2024-02,Feasible,11,71.95598956947475,17.333499005964214,95.73250685421384,9,False,False,False,True,True
2024-03,98,90,previous_month,coverage_only,2024-02,Feasible,11,71.95598956947475,17.333499005964214,95.73250685421384,9,False,False,False,True,True
2024-03,98,90,expanding_window,coverage_only,2024-02,Feasible,11,71.95598956947475,17.333499005964214,95.73250685421384,9,False,False,False,True,True
2024-03,98,90,previous_month,exact,2024-02,Optimal,11,71.95598956947475,17.333499005964214,95.73250685421384,9,False,False,False,True,True
2024-03,98,90,expanding_window,exact,2024-02,Optimal,11,71.95598956947475,17.333499005964214,95.73250685421384,9,False,False,False,True,True
2024-03,98,90,retrospective_oracle,exact,2024-03,Optimal,11,98.19461444308446,96.11999073430624,98.68241143567433,9,True,True,True,True,True
2024-04,90,80,previous_month,proposed,2024-03,Feasible,9,91.7900736538011,75.37305752804363,94.47077409162718,9,True,False,False,False,True
2024-04,90,80,expanding_window,proposed,2024-02;2024-03,Feasible,9,91.7900736538011,75.37305752804363,94.47077409162718,9,True,False,False,False,True
2024-04,90,80,previous_month,multicover,2024-03,Feasible,9,91.7900736538011,75.37305752804363,94.47077409162718,9,True,False,False,False,True
2024-04,90,80,expanding_window,multicover,2024-02;2024-03,Feasible,9,91.7900736538011,75.37305752804363,94.47077409162718,9,True,False,False,False,True
2024-04,90,80,previous_month,coverage_only,2024-03,Feasible,9,91.7900736538011,75.37305752804363,94.47077409162718,9,True,False,False,False,True
2024-04,90,80,expanding_window,coverage_only,2024-02;2024-03,Feasible,9,91.7900736538011,75.37305752804363,94.47077409162718,9,True,False,False,False,True
2024-04,90,80,previous_month,exact,2024-03,Optimal,9,91.7900736538011,75.37305752804363,94.47077409162718,9,True,False,False,False,True
2024-04,90,80,expanding_window,exact,2024-02;2024-03,Optimal,9,91.7900736538011,75.37305752804363,94.47077409162718,9,True,False,False,False,True
2024-04,90,80,retrospective_oracle,exact,2024-04,Optimal,9,93.60929651510814,86.56627226006933,94.47077409162718,9,True,True,True,False,True
2024-04,95,85,previous_month,proposed,2024-03,Feasible,9,91.7900736538011,75.37305752804363,94.47077409162718,9,False,False,False,False,True
2024-04,95,85,expanding_window,proposed,2024-02;2024-03,Feasible,10,94.9040939020899,86.56627226006933,95.0222882615156,9,False,True,False,False,True
2024-04,95,85,previous_month,multicover,2024-03,Feasible,9,91.7900736538011,75.37305752804363,94.47077409162718,9,False,False,False,False,True
2024-04,95,85,expanding_window,multicover,2024-02;2024-03,Feasible,10,92.37696171563908,75.37305752804363,95.0222882615156,9,False,False,False,False,True
2024-04,95,85,previous_month,coverage_only,2024-03,Feasible,9,91.7900736538011,75.37305752804363,94.47077409162718,9,False,False,False,False,True
2024-04,95,85,expanding_window,coverage_only,2024-02;2024-03,Feasible,10,94.9040939020899,86.56627226006933,95.0222882615156,9,False,True,False,False,True
2024-04,95,85,previous_month,exact,2024-03,Optimal,9,91.7900736538011,75.37305752804363,94.47077409162718,9,False,False,False,False,True
2024-04,95,85,expanding_window,exact,2024-02;2024-03,Optimal,10,94.9040939020899,86.56627226006933,95.0222882615156,9,False,True,False,False,True
2024-04,95,85,retrospective_oracle,exact,2024-04,Optimal,10,95.0680581943107,89.76021405783678,95.0222882615156,9,True,True,True,False,True
2024-04,98,90,previous_month,proposed,2024-03,Feasible,11,93.22280925487338,75.37305752804363,96.0530911631156,9,False,False,False,False,True
2024-04,98,90,expanding_window,proposed,2024-02;2024-03,Feasible,13,97.58868386122896,91.56031784252347,98.2044360990494,9,False,True,False,False,True
2024-04,98,90,previous_month,multicover,2024-03,Feasible,11,95.81630794055644,86.56627226006933,96.0530911631156,9,False,False,False,False,True
2024-04,98,90,expanding_window,multicover,2024-02;2024-03,Feasible,13,97.58868386122896,91.56031784252347,98.2044360990494,9,False,True,False,False,True
2024-04,98,90,previous_month,coverage_only,2024-03,Feasible,11,93.22280925487338,75.37305752804363,96.0530911631156,9,False,False,False,False,True
2024-04,98,90,expanding_window,coverage_only,2024-02;2024-03,Feasible,13,97.58868386122896,91.56031784252347,98.2044360990494,9,False,True,False,False,True
2024-04,98,90,previous_month,exact,2024-03,Optimal,11,93.22280925487338,75.37305752804363,96.0530911631156,9,False,False,False,False,True
2024-04,98,90,expanding_window,exact,2024-02;2024-03,Optimal,13,97.58868386122896,91.56031784252347,98.2044360990494,9,False,True,False,False,True
2024-04,98,90,retrospective_oracle,exact,2024-04,Optimal,14,98.50089789969547,95.0222882615156,99.7769691278319,9,True,True,True,False,True
2024-05,90,80,previous_month,proposed,2024-04,Feasible,9,94.88627137486104,88.03892723775037,95.6629491945477,9,True,True,True,False,False
2024-05,90,80,expanding_window,proposed,2024-02;2024-03;2024-04,Feasible,9,91.51250952422588,73.34748624915565,95.19770636722016,9,True,False,False,False,False
2024-05,90,80,previous_month,multicover,2024-04,Feasible,9,94.88627137486104,88.03892723775037,95.6629491945477,9,True,True,True,False,False
2024-05,90,80,expanding_window,multicover,2024-02;2024-03;2024-04,Feasible,9,91.51250952422588,73.34748624915565,95.19770636722016,9,True,False,False,False,False
2024-05,90,80,previous_month,coverage_only,2024-04,Feasible,9,94.88627137486104,88.03892723775037,95.6629491945477,9,True,True,True,False,False
2024-05,90,80,expanding_window,coverage_only,2024-02;2024-03;2024-04,Feasible,9,91.51250952422588,73.34748624915565,95.19770636722016,9,True,False,False,False,False
2024-05,90,80,previous_month,exact,2024-04,Optimal,9,94.88627137486104,88.03892723775037,95.6629491945477,9,True,True,True,False,False
2024-05,90,80,expanding_window,exact,2024-02;2024-03;2024-04,Optimal,9,91.51250952422588,73.34748624915565,95.19770636722016,9,True,False,False,False,False
2024-05,90,80,frozen_initial_window,proposed,2024-02;2024-03;2024-04,Feasible,9,91.51250952422588,73.34748624915565,95.19770636722016,9,True,False,False,False,False
2024-05,90,80,frozen_initial_window,multicover,2024-02;2024-03;2024-04,Feasible,9,91.51250952422588,73.34748624915565,95.19770636722016,9,True,False,False,False,False
2024-05,90,80,frozen_initial_window,coverage_only,2024-02;2024-03;2024-04,Feasible,9,91.51250952422588,73.34748624915565,95.19770636722016,9,True,False,False,False,False
2024-05,90,80,retrospective_oracle,exact,2024-05,Optimal,9,96.64622341023497,90.36767297075062,97.35151583455426,9,True,True,True,False,False
2024-05,95,85,previous_month,proposed,2024-04,Feasible,10,96.20654767109257,90.36767297075062,96.47244449453396,9,True,True,True,False,False
2024-05,95,85,expanding_window,proposed,2024-02;2024-03;2024-04,Feasible,10,94.96246518192832,88.03892723775037,95.6629491945477,9,False,True,False,False,False
2024-05,95,85,previous_month,multicover,2024-04,Feasible,10,96.20654767109257,90.36767297075062,96.47244449453396,9,True,True,True,False,False
2024-05,95,85,expanding_window,multicover,2024-02;2024-03;2024-04,Feasible,10,94.96246518192832,88.03892723775037,95.6629491945477,9,False,True,False,False,False
2024-05,95,85,previous_month,coverage_only,2024-04,Feasible,10,96.20654767109257,90.36767297075062,96.47244449453396,9,True,True,True,False,False
2024-05,95,85,expanding_window,coverage_only,2024-02;2024-03;2024-04,Feasible,10,94.96246518192832,88.03892723775037,95.6629491945477,9,False,True,False,False,False
2024-05,95,85,previous_month,exact,2024-04,Optimal,10,96.20654767109257,90.36767297075062,96.47244449453396,9,True,True,True,False,False
2024-05,95,85,expanding_window,exact,2024-02;2024-03;2024-04,Optimal,10,94.96246518192832,88.03892723775037,95.6629491945477,9,False,True,False,False,False
2024-05,95,85,frozen_initial_window,proposed,2024-02;2024-03;2024-04,Feasible,10,94.96246518192832,88.03892723775037,95.6629491945477,9,False,True,False,False,False
2024-05,95,85,frozen_initial_window,multicover,2024-02;2024-03;2024-04,Feasible,10,94.96246518192832,88.03892723775037,95.6629491945477,9,False,True,False,False,False
2024-05,95,85,frozen_initial_window,coverage_only,2024-02;2024-03;2024-04,Feasible,10,94.96246518192832,88.03892723775037,95.6629491945477,9,False,True,False,False,False
2024-05,95,85,retrospective_oracle,exact,2024-05,Optimal,9,96.64622341023497,90.36767297075062,97.35151583455426,9,True,True,True,False,False
2024-05,98,90,previous_month,proposed,2024-04,Feasible,14,98.53732872006896,95.19770636722016,99.92951955832255,9,True,True,True,False,False
2024-05,98,90,expanding_window,proposed,2024-02;2024-03;2024-04,Feasible,14,98.53732872006896,95.19770636722016,99.92951955832255,9,True,True,True,False,False
2024-05,98,90,previous_month,multicover,2024-04,Feasible,14,98.53732872006896,95.19770636722016,99.92951955832255,9,True,True,True,False,False
2024-05,98,90,expanding_window,multicover,2024-02;2024-03;2024-04,Feasible,14,98.53732872006896,95.19770636722016,99.92951955832255,9,True,True,True,False,False
2024-05,98,90,previous_month,coverage_only,2024-04,Feasible,14,98.53732872006896,95.19770636722016,99.92951955832255,9,True,True,True,False,False
2024-05,98,90,expanding_window,coverage_only,2024-02;2024-03;2024-04,Feasible,14,98.53732872006896,95.19770636722016,99.92951955832255,9,True,True,True,False,False
2024-05,98,90,previous_month,exact,2024-04,Optimal,14,98.53732872006896,95.19770636722016,99.92951955832255,9,True,True,True,False,False
2024-05,98,90,expanding_window,exact,2024-02;2024-03;2024-04,Optimal,14,98.53732872006896,95.19770636722016,99.92951955832255,9,True,True,True,False,False
2024-05,98,90,frozen_initial_window,proposed,2024-02;2024-03;2024-04,Feasible,14,98.53732872006896,95.19770636722016,99.92951955832255,9,True,True,True,False,False
2024-05,98,90,frozen_initial_window,multicover,2024-02;2024-03;2024-04,Feasible,14,98.53732872006896,95.19770636722016,99.92951955832255,9,True,True,True,False,False
2024-05,98,90,frozen_initial_window,coverage_only,2024-02;2024-03;2024-04,Feasible,14,98.53732872006896,95.19770636722016,99.92951955832255,9,True,True,True,False,False
2024-05,98,90,retrospective_oracle,exact,2024-05,Optimal,11,98.51484530159009,95.19770636722016,99.2685122664866,9,True,True,True,False,False
2024-06,90,80,previous_month,proposed,2024-05,Feasible,9,95.42242584252212,87.10053650571496,98.22244794311834,9,True,True,True,False,False
2024-06,90,80,expanding_window,proposed,2024-02;2024-03;2024-04;2024-05,Feasible,9,90.92120929750996,68.6696562032885,96.0455919981391,9,True,False,False,False,False
2024-06,90,80,previous_month,multicover,2024-05,Feasible,9,95.42242584252212,87.10053650571496,98.22244794311834,9,True,True,True,False,False
2024-06,90,80,expanding_window,multicover,2024-02;2024-03;2024-04;2024-05,Feasible,9,90.92120929750996,68.6696562032885,96.0455919981391,9,True,False,False,False,False
2024-06,90,80,previous_month,coverage_only,2024-05,Feasible,9,95.42242584252212,87.10053650571496,98.22244794311834,9,True,True,True,False,False
2024-06,90,80,expanding_window,coverage_only,2024-02;2024-03;2024-04;2024-05,Feasible,9,90.92120929750996,68.6696562032885,96.0455919981391,9,True,False,False,False,False
2024-06,90,80,previous_month,exact,2024-05,Optimal,9,95.42242584252212,87.10053650571496,98.22244794311834,9,True,True,True,False,False
2024-06,90,80,expanding_window,exact,2024-02;2024-03;2024-04;2024-05,Optimal,9,90.92120929750996,68.6696562032885,96.0455919981391,9,True,False,False,False,False
2024-06,90,80,frozen_initial_window,proposed,2024-02;2024-03;2024-04,Feasible,9,90.92120929750996,68.6696562032885,96.0455919981391,9,True,False,False,False,False
2024-06,90,80,frozen_initial_window,multicover,2024-02;2024-03;2024-04,Feasible,9,90.92120929750996,68.6696562032885,96.0455919981391,9,True,False,False,False,False
2024-06,90,80,frozen_initial_window,coverage_only,2024-02;2024-03;2024-04,Feasible,9,90.92120929750996,68.6696562032885,96.0455919981391,9,True,False,False,False,False
2024-06,90,80,retrospective_oracle,exact,2024-06,Optimal,9,96.73732981311798,88.48433530906011,98.22244794311834,9,True,True,True,False,False
2024-06,95,85,previous_month,proposed,2024-05,Feasible,9,95.42242584252212,87.10053650571496,98.22244794311834,9,True,True,True,False,False
2024-06,95,85,expanding_window,proposed,2024-02;2024-03;2024-04;2024-05,Feasible,10,94.99016410415696,84.5183887915937,96.90685820203892,9,False,False,False,False,False
2024-06,95,85,previous_month,multicover,2024-05,Feasible,9,95.42242584252212,87.10053650571496,98.22244794311834,9,True,True,True,False,False
2024-06,95,85,expanding_window,multicover,2024-02;2024-03;2024-04;2024-05,Feasible,10,94.99016410415696,84.5183887915937,96.90685820203892,9,False,False,False,False,False
2024-06,95,85,previous_month,coverage_only,2024-05,Feasible,9,95.42242584252212,87.10053650571496,98.22244794311834,9,True,True,True,False,False
2024-06,95,85,expanding_window,coverage_only,2024-02;2024-03;2024-04;2024-05,Feasible,10,94.99016410415696,84.5183887915937,96.90685820203892,9,False,False,False,False,False
2024-06,95,85,previous_month,exact,2024-05,Optimal,9,95.42242584252212,87.10053650571496,98.22244794311834,9,True,True,True,False,False
2024-06,95,85,expanding_window,exact,2024-02;2024-03;2024-04;2024-05,Optimal,10,94.99016410415696,84.5183887915937,96.90685820203892,9,False,False,False,False,False
2024-06,95,85,frozen_initial_window,proposed,2024-02;2024-03;2024-04,Feasible,10,94.99016410415696,84.5183887915937,96.90685820203892,9,False,False,False,False,False
2024-06,95,85,frozen_initial_window,multicover,2024-02;2024-03;2024-04,Feasible,10,94.99016410415696,84.5183887915937,96.90685820203892,9,False,False,False,False,False
2024-06,95,85,frozen_initial_window,coverage_only,2024-02;2024-03;2024-04,Feasible,10,94.99016410415696,84.5183887915937,96.90685820203892,9,False,False,False,False,False
2024-06,95,85,retrospective_oracle,exact,2024-06,Optimal,9,96.73732981311798,88.48433530906011,98.22244794311834,9,True,True,True,False,False
2024-06,98,90,previous_month,proposed,2024-05,Feasible,11,97.38572242066572,87.10053650571496,98.75812441968432,9,False,False,False,False,False
2024-06,98,90,expanding_window,proposed,2024-02;2024-03;2024-04;2024-05,Feasible,14,99.01511621887455,96.0455919981391,99.9032297084795,9,True,True,True,False,False
2024-06,98,90,previous_month,multicover,2024-05,Feasible,11,97.38572242066572,87.10053650571496,98.75812441968432,9,False,False,False,False,False
2024-06,98,90,expanding_window,multicover,2024-02;2024-03;2024-04;2024-05,Feasible,14,98.68768442304706,96.0455919981391,98.75812441968432,9,True,True,True,False,False
2024-06,98,90,previous_month,coverage_only,2024-05,Feasible,11,97.38572242066572,87.10053650571496,98.75812441968432,9,False,False,False,False,False
2024-06,98,90,expanding_window,coverage_only,2024-02;2024-03;2024-04;2024-05,Feasible,14,99.01511621887455,96.0455919981391,99.9032297084795,9,True,True,True,False,False
2024-06,98,90,previous_month,exact,2024-05,Optimal,11,97.38572242066572,87.10053650571496,98.75812441968432,9,False,False,False,False,False
2024-06,98,90,expanding_window,exact,2024-02;2024-03;2024-04;2024-05,Optimal,14,99.01511621887455,96.0455919981391,99.9032297084795,9,True,True,True,False,False
2024-06,98,90,frozen_initial_window,proposed,2024-02;2024-03;2024-04,Feasible,14,99.01511621887455,96.0455919981391,99.9032297084795,9,True,True,True,False,False
2024-06,98,90,frozen_initial_window,multicover,2024-02;2024-03;2024-04,Feasible,14,99.01511621887455,96.0455919981391,99.9032297084795,9,True,True,True,False,False
2024-06,98,90,frozen_initial_window,coverage_only,2024-02;2024-03;2024-04,Feasible,14,99.01511621887455,96.0455919981391,99.9032297084795,9,True,True,True,False,False
2024-06,98,90,retrospective_oracle,exact,2024-06,Optimal,11,98.70062639126158,96.0455919981391,98.75812441968432,9,True,True,True,False,False
2024-07,90,80,previous_month,proposed,2024-06,Feasible,9,95.20314121722168,85.65976639296866,97.20287575825655,9,True,True,True,False,False
2024-07,90,80,expanding_window,proposed,2024-02;2024-03;2024-04;2024-05;2024-06,Feasible,9,94.77297452762946,85.65976639296866,96.4433972848648,9,True,True,True,False,False
2024-07,90,80,previous_month,multicover,2024-06,Feasible,9,95.20314121722168,85.65976639296866,97.20287575825655,9,True,True,True,False,False
2024-07,90,80,expanding_window,multicover,2024-02;2024-03;2024-04;2024-05;2024-06,Feasible,9,94.77297452762946,85.65976639296866,96.4433972848648,9,True,True,True,False,False
2024-07,90,80,previous_month,coverage_only,2024-06,Feasible,9,95.20314121722168,85.65976639296866,97.20287575825655,9,True,True,True,False,False
2024-07,90,80,expanding_window,coverage_only,2024-02;2024-03;2024-04;2024-05;2024-06,Feasible,9,94.77297452762946,85.65976639296866,96.4433972848648,9,True,True,True,False,False
2024-07,90,80,previous_month,exact,2024-06,Optimal,9,95.20314121722168,85.65976639296866,97.20287575825655,9,True,True,True,False,False
2024-07,90,80,expanding_window,exact,2024-02;2024-03;2024-04;2024-05;2024-06,Optimal,9,94.77297452762946,85.65976639296866,96.4433972848648,9,True,True,True,False,False
2024-07,90,80,frozen_initial_window,proposed,2024-02;2024-03;2024-04,Feasible,9,90.50382023033926,66.59597030752916,93.46383170210372,9,True,False,False,False,False
2024-07,90,80,frozen_initial_window,multicover,2024-02;2024-03;2024-04,Feasible,9,90.50382023033926,66.59597030752916,93.46383170210372,9,True,False,False,False,False
2024-07,90,80,frozen_initial_window,coverage_only,2024-02;2024-03;2024-04,Feasible,9,90.50382023033926,66.59597030752916,93.46383170210372,9,True,False,False,False,False
2024-07,90,80,retrospective_oracle,exact,2024-07,Optimal,9,96.2948142405182,88.28495431941714,98.55639833618793,9,True,True,True,False,False
2024-07,95,85,previous_month,proposed,2024-06,Feasible,9,95.20314121722168,85.65976639296866,97.20287575825655,9,True,True,True,False,False
2024-07,95,85,expanding_window,proposed,2024-02;2024-03;2024-04;2024-05;2024-06,Feasible,10,94.83674924033063,85.65976639296866,96.4433972848648,9,False,True,False,False,False
2024-07,95,85,previous_month,multicover,2024-06,Feasible,9,95.20314121722168,85.65976639296866,97.20287575825655,9,True,True,True,False,False
2024-07,95,85,expanding_window,multicover,2024-02;2024-03;2024-04;2024-05;2024-06,Feasible,10,94.83674924033063,85.65976639296866,96.4433972848648,9,False,True,False,False,False
2024-07,95,85,previous_month,coverage_only,2024-06,Feasible,9,95.20314121722168,85.65976639296866,97.20287575825655,9,True,True,True,False,False
2024-07,95,85,expanding_window,coverage_only,2024-02;2024-03;2024-04;2024-05;2024-06,Feasible,10,94.83674924033063,85.65976639296866,96.4433972848648,9,False,True,False,False,False
2024-07,95,85,previous_month,exact,2024-06,Optimal,9,95.20314121722168,85.65976639296866,97.20287575825655,9,True,True,True,False,False
2024-07,95,85,expanding_window,exact,2024-02;2024-03;2024-04;2024-05;2024-06,Optimal,10,94.83674924033063,85.65976639296866,96.4433972848648,9,False,True,False,False,False
2024-07,95,85,frozen_initial_window,proposed,2024-02;2024-03;2024-04,Feasible,10,94.83674924033063,85.65976639296866,96.4433972848648,9,False,True,False,False,False
2024-07,95,85,frozen_initial_window,multicover,2024-02;2024-03;2024-04,Feasible,10,94.83674924033063,85.65976639296866,96.4433972848648,9,False,True,False,False,False
2024-07,95,85,frozen_initial_window,coverage_only,2024-02;2024-03;2024-04,Feasible,10,94.83674924033063,85.65976639296866,96.4433972848648,9,False,True,False,False,False
2024-07,95,85,retrospective_oracle,exact,2024-07,Optimal,9,96.2948142405182,88.28495431941714,98.55639833618793,9,True,True,True,False,False
2024-07,98,90,previous_month,proposed,2024-06,Feasible,11,97.56905800997886,91.78473491773308,98.55639833618793,9,False,True,False,False,False
2024-07,98,90,expanding_window,proposed,2024-02;2024-03;2024-04;2024-05;2024-06,Feasible,13,98.236816766497,93.46383170210372,98.55639833618793,9,True,True,True,False,False
2024-07,98,90,previous_month,multicover,2024-06,Feasible,11,96.81751678775524,91.78473491773308,98.37177747625508,9,False,True,False,False,False
2024-07,98,90,expanding_window,multicover,2024-02;2024-03;2024-04;2024-05;2024-06,Feasible,13,98.236816766497,93.46383170210372,98.55639833618793,9,True,True,True,False,False
2024-07,98,90,previous_month,coverage_only,2024-06,Feasible,11,97.56905800997886,91.78473491773308,98.55639833618793,9,False,True,False,False,False
2024-07,98,90,expanding_window,coverage_only,2024-02;2024-03;2024-04;2024-05;2024-06,Feasible,13,98.236816766497,93.46383170210372,98.55639833618793,9,True,True,True,False,False
2024-07,98,90,previous_month,exact,2024-06,Optimal,11,97.56905800997886,91.78473491773308,98.55639833618793,9,False,True,False,False,False
2024-07,98,90,expanding_window,exact,2024-02;2024-03;2024-04;2024-05;2024-06,Optimal,13,98.236816766497,93.46383170210372,98.55639833618793,9,True,True,True,False,False
2024-07,98,90,frozen_initial_window,proposed,2024-02;2024-03;2024-04,Feasible,14,98.6332203728945,93.46383170210372,99.9882005899705,9,True,True,True,False,False
2024-07,98,90,frozen_initial_window,multicover,2024-02;2024-03;2024-04,Feasible,14,98.6332203728945,93.46383170210372,99.9882005899705,9,True,True,True,False,False
2024-07,98,90,frozen_initial_window,coverage_only,2024-02;2024-03;2024-04,Feasible,14,98.6332203728945,93.46383170210372,99.9882005899705,9,True,True,True,False,False
2024-07,98,90,retrospective_oracle,exact,2024-07,Optimal,11,98.4606535032325,92.29498525073748,99.09121507909796,9,True,True,True,False,False
2024-08,90,80,previous_month,proposed,2024-07,Feasible,9,93.72059235167882,78.71890547263682,96.93706628379996,9,True,False,False,False,False
2024-08,90,80,expanding_window,proposed,2024-02;2024-03;2024-04;2024-05;2024-06;2024-07,Feasible,9,95.27744824920356,89.02635160212792,96.2623497202714,9,True,True,True,False,False
2024-08,90,80,previous_month,multicover,2024-07,Feasible,9,94.18578302653852,78.71890547263682,96.93706628379996,9,True,False,False,False,False
2024-08,90,80,expanding_window,multicover,2024-02;2024-03;2024-04;2024-05;2024-06;2024-07,Feasible,9,95.27744824920356,89.02635160212792,96.2623497202714,9,True,True,True,False,False
2024-08,90,80,previous_month,coverage_only,2024-07,Feasible,9,93.72059235167882,78.71890547263682,96.93706628379996,9,True,False,False,False,False
2024-08,90,80,expanding_window,coverage_only,2024-02;2024-03;2024-04;2024-05;2024-06;2024-07,Feasible,9,95.27744824920356,89.02635160212792,96.2623497202714,9,True,True,True,False,False
2024-08,90,80,previous_month,exact,2024-07,Optimal,9,93.72059235167882,78.71890547263682,96.93706628379996,9,True,False,False,False,False
2024-08,90,80,expanding_window,exact,2024-02;2024-03;2024-04;2024-05;2024-06;2024-07,Optimal,9,95.27744824920356,89.02635160212792,96.2623497202714,9,True,True,True,False,False
2024-08,90,80,frozen_initial_window,proposed,2024-02;2024-03;2024-04,Feasible,9,91.2653452941098,68.66693927622163,95.4512893982808,9,True,False,False,False,False
2024-08,90,80,frozen_initial_window,multicover,2024-02;2024-03;2024-04,Feasible,9,91.2653452941098,68.66693927622163,95.4512893982808,9,True,False,False,False,False
2024-08,90,80,frozen_initial_window,coverage_only,2024-02;2024-03;2024-04,Feasible,9,91.2653452941098,68.66693927622163,95.4512893982808,9,True,False,False,False,False
2024-08,90,80,retrospective_oracle,exact,2024-08,Optimal,9,95.83061194567,89.02635160212792,97.7077363896848,9,True,True,True,False,False
2024-08,95,85,previous_month,proposed,2024-07,Feasible,9,93.72059235167882,78.71890547263682,96.93706628379996,9,False,False,False,False,False
2024-08,95,85,expanding_window,proposed,2024-02;2024-03;2024-04;2024-05;2024-06;2024-07,Feasible,10,95.3507591005425,89.02635160212792,96.2623497202714,9,True,True,True,False,False
2024-08,95,85,previous_month,multicover,2024-07,Feasible,9,94.18578302653852,78.71890547263682,96.93706628379996,9,False,False,False,False,False
2024-08,95,85,expanding_window,multicover,2024-02;2024-03;2024-04;2024-05;2024-06;2024-07,Feasible,10,95.3507591005425,89.02635160212792,96.2623497202714,9,True,True,True,False,False
2024-08,95,85,previous_month,coverage_only,2024-07,Feasible,9,93.72059235167882,78.71890547263682,96.93706628379996,9,False,False,False,False,False
2024-08,95,85,expanding_window,coverage_only,2024-02;2024-03;2024-04;2024-05;2024-06;2024-07,Feasible,10,95.3507591005425,89.02635160212792,96.2623497202714,9,True,True,True,False,False
2024-08,95,85,previous_month,exact,2024-07,Optimal,9,93.72059235167882,78.71890547263682,96.93706628379996,9,False,False,False,False,False
2024-08,95,85,expanding_window,exact,2024-02;2024-03;2024-04;2024-05;2024-06;2024-07,Optimal,10,95.3507591005425,89.02635160212792,96.2623497202714,9,True,True,True,False,False
2024-08,95,85,frozen_initial_window,proposed,2024-02;2024-03;2024-04,Feasible,10,95.3507591005425,89.02635160212792,96.2623497202714,9,True,True,True,False,False
2024-08,95,85,frozen_initial_window,multicover,2024-02;2024-03;2024-04,Feasible,10,95.3507591005425,89.02635160212792,96.2623497202714,9,True,True,True,False,False
2024-08,95,85,frozen_initial_window,coverage_only,2024-02;2024-03;2024-04,Feasible,10,95.3507591005425,89.02635160212792,96.2623497202714,9,True,True,True,False,False
2024-08,95,85,retrospective_oracle,exact,2024-08,Optimal,9,95.83061194567,89.02635160212792,97.7077363896848,9,True,True,True,False,False
2024-08,98,90,previous_month,proposed,2024-07,Feasible,11,97.64205643602628,91.5478615071283,98.13047962867458,9,False,True,False,False,False
2024-08,98,90,expanding_window,proposed,2024-02;2024-03;2024-04;2024-05;2024-06;2024-07,Feasible,13,98.35517108086852,95.4512893982808,98.4111814598017,9,True,True,True,False,False
2024-08,98,90,previous_month,multicover,2024-07,Feasible,11,97.64205643602628,91.5478615071283,98.13047962867458,9,False,True,False,False,False
2024-08,98,90,expanding_window,multicover,2024-02;2024-03;2024-04;2024-05;2024-06;2024-07,Feasible,13,98.35517108086852,95.4512893982808,98.4111814598017,9,True,True,True,False,False
2024-08,98,90,previous_month,coverage_only,2024-07,Feasible,11,97.64205643602628,91.5478615071283,98.13047962867458,9,False,True,False,False,False
2024-08,98,90,expanding_window,coverage_only,2024-02;2024-03;2024-04;2024-05;2024-06;2024-07,Feasible,13,98.35517108086852,95.4512893982808,98.4111814598017,9,True,True,True,False,False
2024-08,98,90,previous_month,exact,2024-07,Optimal,11,97.64205643602628,91.5478615071283,98.13047962867458,9,False,True,False,False,False
2024-08,98,90,expanding_window,exact,2024-02;2024-03;2024-04;2024-05;2024-06;2024-07,Optimal,13,98.35517108086852,95.4512893982808,98.4111814598017,9,True,True,True,False,False
2024-08,98,90,frozen_initial_window,proposed,2024-02;2024-03;2024-04,Feasible,14,98.7723764712155,95.4512893982808,99.93814177904244,9,True,True,True,False,False
2024-08,98,90,frozen_initial_window,multicover,2024-02;2024-03;2024-04,Feasible,14,98.7723764712155,95.4512893982808,99.93814177904244,9,True,True,True,False,False
2024-08,98,90,frozen_initial_window,coverage_only,2024-02;2024-03;2024-04,Feasible,14,98.7723764712155,95.4512893982808,99.93814177904244,9,True,True,True,False,False
2024-08,98,90,retrospective_oracle,exact,2024-08,Optimal,12,98.83502392599604,96.93706628379996,98.9525056540888,9,True,True,True,False,False
2024-09,90,80,previous_month,proposed,2024-08,Feasible,9,96.01012318260466,86.88077743541123,98.13996744943036,9,True,True,True,False,False
2024-09,90,80,expanding_window,proposed,2024-02;2024-03;2024-04;2024-05;2024-06;2024-07;2024-08,Feasible,9,95.09077292565142,86.88077743541123,95.20278099652376,9,True,True,True,False,False
2024-09,90,80,previous_month,multicover,2024-08,Feasible,9,96.01012318260466,86.88077743541123,98.13996744943036,9,True,True,True,False,False
2024-09,90,80,expanding_window,multicover,2024-02;2024-03;2024-04;2024-05;2024-06;2024-07;2024-08,Feasible,9,95.09077292565142,86.88077743541123,95.20278099652376,9,True,True,True,False,False
2024-09,90,80,previous_month,coverage_only,2024-08,Feasible,9,96.01012318260466,86.88077743541123,98.13996744943036,9,True,True,True,False,False
2024-09,90,80,expanding_window,coverage_only,2024-02;2024-03;2024-04;2024-05;2024-06;2024-07;2024-08,Feasible,9,95.09077292565142,86.88077743541123,95.20278099652376,9,True,True,True,False,False
2024-09,90,80,previous_month,exact,2024-08,Optimal,9,96.01012318260466,86.88077743541123,98.13996744943036,9,True,True,True,False,False
2024-09,90,80,expanding_window,exact,2024-02;2024-03;2024-04;2024-05;2024-06;2024-07;2024-08,Optimal,9,95.09077292565142,86.88077743541123,95.20278099652376,9,True,True,True,False,False
2024-09,90,80,frozen_initial_window,proposed,2024-02;2024-03;2024-04,Feasible,9,91.40820700875447,71.31074232336282,94.02464543129504,9,True,False,False,False,False
2024-09,90,80,frozen_initial_window,multicover,2024-02;2024-03;2024-04,Feasible,9,91.40820700875447,71.31074232336282,94.02464543129504,9,True,False,False,False,False
2024-09,90,80,frozen_initial_window,coverage_only,2024-02;2024-03;2024-04,Feasible,9,91.40820700875447,71.31074232336282,94.02464543129504,9,True,False,False,False,False
2024-09,90,80,retrospective_oracle,exact,2024-09,Optimal,9,96.44268264339024,88.62289642095283,98.27779857731188,9,True,True,True,False,False
2024-09,95,85,previous_month,proposed,2024-08,Feasible,9,96.01012318260466,86.88077743541123,98.13996744943036,9,True,True,True,False,False
2024-09,95,85,expanding_window,proposed,2024-02;2024-03;2024-04;2024-05;2024-06;2024-07;2024-08,Feasible,10,95.13596570513648,86.88077743541123,95.20278099652376,9,True,True,True,False,False
2024-09,95,85,previous_month,multicover,2024-08,Feasible,9,96.01012318260466,86.88077743541123,98.13996744943036,9,True,True,True,False,False
2024-09,95,85,expanding_window,multicover,2024-02;2024-03;2024-04;2024-05;2024-06;2024-07;2024-08,Feasible,10,95.13596570513648,86.88077743541123,95.20278099652376,9,True,True,True,False,False
2024-09,95,85,previous_month,coverage_only,2024-08,Feasible,9,96.01012318260466,86.88077743541123,98.13996744943036,9,True,True,True,False,False
2024-09,95,85,expanding_window,coverage_only,2024-02;2024-03;2024-04;2024-05;2024-06;2024-07;2024-08,Feasible,10,95.13596570513648,86.88077743541123,95.20278099652376,9,True,True,True,False,False
2024-09,95,85,previous_month,exact,2024-08,Optimal,9,96.01012318260466,86.88077743541123,98.13996744943036,9,True,True,True,False,False
2024-09,95,85,expanding_window,exact,2024-02;2024-03;2024-04;2024-05;2024-06;2024-07;2024-08,Optimal,10,95.13596570513648,86.88077743541123,95.20278099652376,9,True,True,True,False,False
2024-09,95,85,frozen_initial_window,proposed,2024-02;2024-03;2024-04,Feasible,10,95.13596570513648,86.88077743541123,95.20278099652376,9,True,True,True,False,False
2024-09,95,85,frozen_initial_window,multicover,2024-02;2024-03;2024-04,Feasible,10,95.13596570513648,86.88077743541123,95.20278099652376,9,True,True,True,False,False
2024-09,95,85,frozen_initial_window,coverage_only,2024-02;2024-03;2024-04,Feasible,10,95.13596570513648,86.88077743541123,95.20278099652376,9,True,True,True,False,False
2024-09,95,85,retrospective_oracle,exact,2024-09,Optimal,9,96.44268264339024,88.62289642095283,98.27779857731188,9,True,True,True,False,False
2024-09,98,90,previous_month,proposed,2024-08,Feasible,12,99.05353407535571,96.8557837336118,99.35110081112398,9,True,True,True,False,False
2024-09,98,90,expanding_window,proposed,2024-02;2024-03;2024-04;2024-05;2024-06;2024-07;2024-08,Feasible,13,98.17937659788755,94.02464543129504,99.25822902178952,9,True,True,True,False,False
2024-09,98,90,previous_month,multicover,2024-08,Feasible,12,98.3459442708468,92.85714285714286,99.25822902178952,9,True,True,True,False,False
2024-09,98,90,expanding_window,multicover,2024-02;2024-03;2024-04;2024-05;2024-06;2024-07;2024-08,Feasible,13,98.17937659788755,94.02464543129504,99.25822902178952,9,True,True,True,False,False
2024-09,98,90,previous_month,coverage_only,2024-08,Feasible,12,99.05353407535571,96.8557837336118,99.35110081112398,9,True,True,True,False,False
2024-09,98,90,expanding_window,coverage_only,2024-02;2024-03;2024-04;2024-05;2024-06;2024-07;2024-08,Feasible,13,98.17937659788755,94.02464543129504,99.25822902178952,9,True,True,True,False,False
2024-09,98,90,previous_month,exact,2024-08,Optimal,12,99.05353407535571,96.8557837336118,99.35110081112398,9,True,True,True,False,False
2024-09,98,90,expanding_window,exact,2024-02;2024-03;2024-04;2024-05;2024-06;2024-07;2024-08,Optimal,13,98.17937659788755,94.02464543129504,99.25822902178952,9,True,True,True,False,False
2024-09,98,90,frozen_initial_window,proposed,2024-02;2024-03;2024-04,Feasible,14,98.71394261808229,94.02464543129504,99.89333965394644,9,True,True,True,False,False
2024-09,98,90,frozen_initial_window,multicover,2024-02;2024-03;2024-04,Feasible,14,98.71394261808229,94.02464543129504,99.89333965394644,9,True,True,True,False,False
2024-09,98,90,frozen_initial_window,coverage_only,2024-02;2024-03;2024-04,Feasible,14,98.71394261808229,94.02464543129504,99.89333965394644,9,True,True,True,False,False
2024-09,98,90,retrospective_oracle,exact,2024-09,Optimal,11,98.54350127831005,92.85714285714286,99.25822902178952,9,True,True,True,False,False
2024-10,90,80,previous_month,proposed,2024-09,Feasible,9,92.85239153080563,65.3061224489796,96.28043282236249,9,True,False,False,False,False
2024-10,90,80,expanding_window,proposed,2024-02;2024-03;2024-04;2024-05;2024-06;2024-07;2024-08;2024-09,Feasible,9,95.04624923127126,88.79837067209776,95.84367245657567,9,True,True,True,False,False
2024-10,90,80,previous_month,multicover,2024-09,Feasible,9,95.66123222510888,88.79837067209776,96.28043282236249,9,True,True,True,False,False
2024-10,90,80,expanding_window,multicover,2024-02;2024-03;2024-04;2024-05;2024-06;2024-07;2024-08;2024-09,Feasible,9,95.04624923127126,88.79837067209776,95.84367245657567,9,True,True,True,False,False
2024-10,90,80,previous_month,coverage_only,2024-09,Feasible,9,92.85239153080563,65.3061224489796,96.28043282236249,9,True,False,False,False,False
2024-10,90,80,expanding_window,coverage_only,2024-02;2024-03;2024-04;2024-05;2024-06;2024-07;2024-08;2024-09,Feasible,9,95.04624923127126,88.79837067209776,95.84367245657567,9,True,True,True,False,False
2024-10,90,80,previous_month,exact,2024-09,Optimal,9,92.85239153080563,65.3061224489796,96.28043282236249,9,True,False,False,False,False
2024-10,90,80,expanding_window,exact,2024-02;2024-03;2024-04;2024-05;2024-06;2024-07;2024-08;2024-09,Optimal,9,95.04624923127126,88.79837067209776,95.84367245657567,9,True,True,True,False,False
2024-10,90,80,frozen_initial_window,proposed,2024-02;2024-03;2024-04,Feasible,9,91.50319414636596,72.27579556412729,94.56717763751128,9,True,False,False,False,False
2024-10,90,80,frozen_initial_window,multicover,2024-02;2024-03;2024-04,Feasible,9,91.50319414636596,72.27579556412729,94.56717763751128,9,True,False,False,False,False
2024-10,90,80,frozen_initial_window,coverage_only,2024-02;2024-03;2024-04,Feasible,9,91.50319414636596,72.27579556412729,94.56717763751128,9,True,False,False,False,False
2024-10,90,80,retrospective_oracle,exact,2024-10,Optimal,9,96.94767624283044,91.55524278676988,96.5331094049904,9,True,True,True,False,False
2024-10,95,85,previous_month,proposed,2024-09,Feasible,9,92.85239153080563,65.3061224489796,96.28043282236249,9,False,False,False,False,False
2024-10,95,85,expanding_window,proposed,2024-02;2024-03;2024-04;2024-05;2024-06;2024-07;2024-08;2024-09,Feasible,10,95.11151273265811,88.79837067209776,95.84367245657567,9,True,True,True,False,False
2024-10,95,85,previous_month,multicover,2024-09,Feasible,9,95.66123222510888,88.79837067209776,96.28043282236249,9,True,True,True,False,False
2024-10,95,85,expanding_window,multicover,2024-02;2024-03;2024-04;2024-05;2024-06;2024-07;2024-08;2024-09,Feasible,10,95.11151273265811,88.79837067209776,95.84367245657567,9,True,True,True,False,False
2024-10,95,85,previous_month,coverage_only,2024-09,Feasible,9,92.85239153080563,65.3061224489796,96.28043282236249,9,False,False,False,False,False
2024-10,95,85,expanding_window,coverage_only,2024-02;2024-03;2024-04;2024-05;2024-06;2024-07;2024-08;2024-09,Feasible,10,95.11151273265811,88.79837067209776,95.84367245657567,9,True,True,True,False,False
2024-10,95,85,previous_month,exact,2024-09,Optimal,9,92.85239153080563,65.3061224489796,96.28043282236249,9,False,False,False,False,False
2024-10,95,85,expanding_window,exact,2024-02;2024-03;2024-04;2024-05;2024-06;2024-07;2024-08;2024-09,Optimal,10,95.11151273265811,88.79837067209776,95.84367245657567,9,True,True,True,False,False
2024-10,95,85,frozen_initial_window,proposed,2024-02;2024-03;2024-04,Feasible,10,95.11151273265811,88.79837067209776,95.84367245657567,9,True,True,True,False,False
2024-10,95,85,frozen_initial_window,multicover,2024-02;2024-03;2024-04,Feasible,10,95.11151273265811,88.79837067209776,95.84367245657567,9,True,True,True,False,False
2024-10,95,85,frozen_initial_window,coverage_only,2024-02;2024-03;2024-04,Feasible,10,95.11151273265811,88.79837067209776,95.84367245657567,9,True,True,True,False,False
2024-10,95,85,retrospective_oracle,exact,2024-10,Optimal,9,96.94767624283044,91.55524278676988,96.5331094049904,9,True,True,True,False,False
2024-10,98,90,previous_month,proposed,2024-09,Feasible,11,97.79359162619076,93.04602227973444,99.22567613062508,9,False,True,False,False,False
2024-10,98,90,expanding_window,proposed,2024-02;2024-03;2024-04;2024-05;2024-06;2024-07;2024-08;2024-09,Feasible,13,97.60658659337074,91.28043990573448,99.39168638053395,9,False,True,False,False,False
2024-10,98,90,previous_month,multicover,2024-09,Feasible,11,97.79359162619076,93.04602227973444,99.22567613062508,9,False,True,False,False,False
2024-10,98,90,expanding_window,multicover,2024-02;2024-03;2024-04;2024-05;2024-06;2024-07;2024-08;2024-09,Feasible,13,97.60658659337074,91.28043990573448,99.39168638053395,9,False,True,False,False,False
2024-10,98,90,previous_month,coverage_only,2024-09,Feasible,11,97.79359162619076,93.04602227973444,99.22567613062508,9,False,True,False,False,False
2024-10,98,90,expanding_window,coverage_only,2024-02;2024-03;2024-04;2024-05;2024-06;2024-07;2024-08;2024-09,Feasible,13,97.60658659337074,91.28043990573448,99.39168638053395,9,False,True,False,False,False
2024-10,98,90,previous_month,exact,2024-09,Optimal,11,97.79359162619076,93.04602227973444,99.22567613062508,9,False,True,False,False,False
2024-10,98,90,expanding_window,exact,2024-02;2024-03;2024-04;2024-05;2024-06;2024-07;2024-08;2024-09,Optimal,13,97.60658659337074,91.28043990573448,99.39168638053395,9,False,True,False,False,False
2024-10,98,90,frozen_initial_window,proposed,2024-02;2024-03;2024-04,Feasible,14,98.5780087101673,94.56717763751128,99.87098287590898,9,True,True,True,False,False
2024-10,98,90,frozen_initial_window,multicover,2024-02;2024-03;2024-04,Feasible,14,98.5780087101673,94.56717763751128,99.87098287590898,9,True,True,True,False,False
2024-10,98,90,frozen_initial_window,coverage_only,2024-02;2024-03;2024-04,Feasible,14,98.5780087101673,94.56717763751128,99.87098287590898,9,True,True,True,False,False
2024-10,98,90,retrospective_oracle,exact,2024-10,Optimal,11,98.25796653990488,96.20954967187146,99.22567613062508,9,True,True,True,False,False
2024-11,90,80,previous_month,proposed,2024-10,Feasible,9,96.92557686057847,90.53297639328304,97.97257705379116,9,True,True,True,False,False
2024-11,90,80,expanding_window,proposed,2024-02;2024-03;2024-04;2024-05;2024-06;2024-07;2024-08;2024-09;2024-10,Feasible,9,94.4998375040624,87.82968657599054,95.22204138572424,9,True,True,True,False,False
2024-11,90,80,previous_month,multicover,2024-10,Feasible,9,96.92557686057847,90.53297639328304,97.97257705379116,9,True,True,True,False,False
2024-11,90,80,expanding_window,multicover,2024-02;2024-03;2024-04;2024-05;2024-06;2024-07;2024-08;2024-09;2024-10,Feasible,9,94.4998375040624,87.82968657599054,95.22204138572424,9,True,True,True,False,False
2024-11,90,80,previous_month,coverage_only,2024-10,Feasible,9,96.92557686057847,90.53297639328304,97.97257705379116,9,True,True,True,False,False
2024-11,90,80,expanding_window,coverage_only,2024-02;2024-03;2024-04;2024-05;2024-06;2024-07;2024-08;2024-09;2024-10,Feasible,9,94.4998375040624,87.82968657599054,95.22204138572424,9,True,True,True,False,False
2024-11,90,80,previous_month,exact,2024-10,Optimal,9,96.92557686057847,90.53297639328304,97.97257705379116,9,True,True,True,False,False
2024-11,90,80,expanding_window,exact,2024-02;2024-03;2024-04;2024-05;2024-06;2024-07;2024-08;2024-09;2024-10,Optimal,9,94.4998375040624,87.82968657599054,95.22204138572424,9,True,True,True,False,False
2024-11,90,80,frozen_initial_window,proposed,2024-02;2024-03;2024-04,Feasible,9,90.67533311667208,70.32637987823136,93.95563310069792,9,True,False,False,False,False
2024-11,90,80,frozen_initial_window,multicover,2024-02;2024-03;2024-04,Feasible,9,90.67533311667208,70.32637987823136,93.95563310069792,9,True,False,False,False,False
2024-11,90,80,frozen_initial_window,coverage_only,2024-02;2024-03;2024-04,Feasible,9,90.67533311667208,70.32637987823136,93.95563310069792,9,True,False,False,False,False
2024-11,90,80,retrospective_oracle,exact,2024-11,Optimal,9,96.92557686057847,90.53297639328304,97.97257705379116,9,True,True,True,False,False
2024-11,95,85,previous_month,proposed,2024-10,Feasible,9,96.92557686057847,90.53297639328304,97.97257705379116,9,True,True,True,False,False
2024-11,95,85,expanding_window,proposed,2024-02;2024-03;2024-04;2024-05;2024-06;2024-07;2024-08;2024-09;2024-10,Feasible,10,95.83750406239844,87.83185840707965,97.18362748779572,9,True,True,True,False,False
2024-11,95,85,previous_month,multicover,2024-10,Feasible,9,96.92557686057847,90.53297639328304,97.97257705379116,9,True,True,True,False,False
2024-11,95,85,expanding_window,multicover,2024-02;2024-03;2024-04;2024-05;2024-06;2024-07;2024-08;2024-09;2024-10,Feasible,10,94.54013649658758,87.82968657599054,95.22204138572424,9,False,True,False,False,False
2024-11,95,85,previous_month,coverage_only,2024-10,Feasible,9,96.92557686057847,90.53297639328304,97.97257705379116,9,True,True,True,False,False
2024-11,95,85,expanding_window,coverage_only,2024-02;2024-03;2024-04;2024-05;2024-06;2024-07;2024-08;2024-09;2024-10,Feasible,10,94.54013649658758,87.82968657599054,95.22204138572424,9,False,True,False,False,False
2024-11,95,85,previous_month,exact,2024-10,Optimal,9,96.92557686057847,90.53297639328304,97.97257705379116,9,True,True,True,False,False
2024-11,95,85,expanding_window,exact,2024-02;2024-03;2024-04;2024-05;2024-06;2024-07;2024-08;2024-09;2024-10,Optimal,10,94.54013649658758,87.82968657599054,95.22204138572424,9,False,True,False,False,False
2024-11,95,85,frozen_initial_window,proposed,2024-02;2024-03;2024-04,Feasible,10,94.54013649658758,87.82968657599054,95.22204138572424,9,False,True,False,False,False
2024-11,95,85,frozen_initial_window,multicover,2024-02;2024-03;2024-04,Feasible,10,94.54013649658758,87.82968657599054,95.22204138572424,9,False,True,False,False,False
2024-11,95,85,frozen_initial_window,coverage_only,2024-02;2024-03;2024-04,Feasible,10,94.54013649658758,87.82968657599054,95.22204138572424,9,False,True,False,False,False
2024-11,95,85,retrospective_oracle,exact,2024-11,Optimal,9,96.92557686057847,90.53297639328304,97.97257705379116,9,True,True,True,False,False
2024-11,98,90,previous_month,proposed,2024-10,Feasible,11,97.84465388365292,90.53297639328304,99.19655333022824,9,False,True,False,False,False
2024-11,98,90,expanding_window,proposed,2024-02;2024-03;2024-04;2024-05;2024-06;2024-07;2024-08;2024-09;2024-10,Feasible,13,97.51576210594736,87.83185840707965,99.36448158173474,9,False,False,False,False,False
2024-11,98,90,previous_month,multicover,2024-10,Feasible,11,98.1566460838479,90.53297639328304,99.19655333022824,9,True,True,True,False,False
2024-11,98,90,expanding_window,multicover,2024-02;2024-03;2024-04;2024-05;2024-06;2024-07;2024-08;2024-09;2024-10,Feasible,13,97.51576210594736,87.83185840707965,99.36448158173474,9,False,False,False,False,False
2024-11,98,90,previous_month,coverage_only,2024-10,Feasible,11,98.1566460838479,90.53297639328304,99.19655333022824,9,True,True,True,False,False
2024-11,98,90,expanding_window,coverage_only,2024-02;2024-03;2024-04;2024-05;2024-06;2024-07;2024-08;2024-09;2024-10,Feasible,13,97.51576210594736,87.83185840707965,99.36448158173474,9,False,False,False,False,False
2024-11,98,90,previous_month,exact,2024-10,Optimal,11,97.84465388365292,90.53297639328304,99.19655333022824,9,False,True,False,False,False
2024-11,98,90,expanding_window,exact,2024-02;2024-03;2024-04;2024-05;2024-06;2024-07;2024-08;2024-09;2024-10,Optimal,13,97.51576210594736,87.83185840707965,99.36448158173474,9,False,False,False,False,False
2024-11,98,90,frozen_initial_window,proposed,2024-02;2024-03;2024-04,Feasible,14,98.87162820929476,95.22204138572424,99.96261216350948,9,True,True,True,False,False
2024-11,98,90,frozen_initial_window,multicover,2024-02;2024-03;2024-04,Feasible,14,98.87162820929476,95.22204138572424,99.96261216350948,9,True,True,True,False,False
2024-11,98,90,frozen_initial_window,coverage_only,2024-02;2024-03;2024-04,Feasible,14,98.87162820929476,95.22204138572424,99.96261216350948,9,True,True,True,False,False
2024-11,98,90,retrospective_oracle,exact,2024-11,Optimal,11,98.56353591160222,94.5002956830278,99.19655333022824,9,True,True,True,False,False
2024-12,90,80,previous_month,proposed,2024-11,Feasible,9,93.87778182686388,65.05382567426786,97.65607134690144,9,True,False,False,False,False
2024-12,90,80,expanding_window,proposed,2024-02;2024-03;2024-04;2024-05;2024-06;2024-07;2024-08;2024-09;2024-10;2024-11,Feasible,9,95.7627012151447,88.27686784832848,95.67318498538998,9,True,True,True,False,False
2024-12,90,80,previous_month,multicover,2024-11,Feasible,9,93.87778182686388,65.05382567426786,97.65607134690144,9,True,False,False,False,False
2024-12,90,80,expanding_window,multicover,2024-02;2024-03;2024-04;2024-05;2024-06;2024-07;2024-08;2024-09;2024-10;2024-11,Feasible,9,95.7627012151447,88.27686784832848,95.67318498538998,9,True,True,True,False,False
2024-12,90,80,previous_month,coverage_only,2024-11,Feasible,9,93.87778182686388,65.05382567426786,97.65607134690144,9,True,False,False,False,False
2024-12,90,80,expanding_window,coverage_only,2024-02;2024-03;2024-04;2024-05;2024-06;2024-07;2024-08;2024-09;2024-10;2024-11,Feasible,9,95.7627012151447,88.27686784832848,95.67318498538998,9,True,True,True,False,False
2024-12,90,80,previous_month,exact,2024-11,Optimal,9,93.87778182686388,65.05382567426786,97.65607134690144,9,True,False,False,False,False
2024-12,90,80,expanding_window,exact,2024-02;2024-03;2024-04;2024-05;2024-06;2024-07;2024-08;2024-09;2024-10;2024-11,Optimal,9,95.7627012151447,88.27686784832848,95.67318498538998,9,True,True,True,False,False
2024-12,90,80,frozen_initial_window,proposed,2024-02;2024-03;2024-04,Feasible,9,91.8923334045414,70.17510101981912,95.16147702280357,9,True,False,False,False,False
2024-12,90,80,frozen_initial_window,multicover,2024-02;2024-03;2024-04,Feasible,9,91.8923334045414,70.17510101981912,95.16147702280357,9,True,False,False,False,False
2024-12,90,80,frozen_initial_window,coverage_only,2024-02;2024-03;2024-04,Feasible,9,91.8923334045414,70.17510101981912,95.16147702280357,9,True,False,False,False,False
2024-12,90,80,retrospective_oracle,exact,2024-12,Optimal,9,97.14623204614284,91.63792078030212,97.65607134690144,9,True,True,True,False,False
2024-12,95,85,previous_month,proposed,2024-11,Feasible,9,93.87778182686388,65.05382567426786,97.65607134690144,9,False,False,False,False,False
2024-12,95,85,expanding_window,proposed,2024-02;2024-03;2024-04;2024-05;2024-06;2024-07;2024-08;2024-09;2024-10;2024-11,Feasible,10,96.28796541801228,88.27686784832848,97.65607134690144,9,True,True,True,False,False
2024-12,95,85,previous_month,multicover,2024-11,Feasible,9,93.87778182686388,65.05382567426786,97.65607134690144,9,False,False,False,False,False
2024-12,95,85,expanding_window,multicover,2024-02;2024-03;2024-04;2024-05;2024-06;2024-07;2024-08;2024-09;2024-10;2024-11,Feasible,10,95.78783347365513,88.27686784832848,95.67318498538998,9,True,True,True,False,False
2024-12,95,85,previous_month,coverage_only,2024-11,Feasible,9,93.87778182686388,65.05382567426786,97.65607134690144,9,False,False,False,False,False
2024-12,95,85,expanding_window,coverage_only,2024-02;2024-03;2024-04;2024-05;2024-06;2024-07;2024-08;2024-09;2024-10;2024-11,Feasible,10,96.28796541801228,88.27686784832848,97.65607134690144,9,True,True,True,False,False
2024-12,95,85,previous_month,exact,2024-11,Optimal,9,93.87778182686388,65.05382567426786,97.65607134690144,9,False,False,False,False,False
2024-12,95,85,expanding_window,exact,2024-02;2024-03;2024-04;2024-05;2024-06;2024-07;2024-08;2024-09;2024-10;2024-11,Optimal,10,96.28796541801228,88.27686784832848,97.65607134690144,9,True,True,True,False,False
2024-12,95,85,frozen_initial_window,proposed,2024-02;2024-03;2024-04,Feasible,10,95.78783347365513,88.27686784832848,95.67318498538998,9,True,True,True,False,False
2024-12,95,85,frozen_initial_window,multicover,2024-02;2024-03;2024-04,Feasible,10,95.78783347365513,88.27686784832848,95.67318498538998,9,True,True,True,False,False
2024-12,95,85,frozen_initial_window,coverage_only,2024-02;2024-03;2024-04,Feasible,10,95.78783347365513,88.27686784832848,95.67318498538998,9,True,True,True,False,False
2024-12,95,85,retrospective_oracle,exact,2024-12,Optimal,9,97.14623204614284,91.63792078030212,97.65607134690144,9,True,True,True,False,False
2024-12,98,90,previous_month,proposed,2024-11,Feasible,11,95.38194749871197,65.05382567426786,99.4054296612071,9,False,False,False,False,False
2024-12,98,90,expanding_window,proposed,2024-02;2024-03;2024-04;2024-05;2024-06;2024-07;2024-08;2024-09;2024-10;2024-11,Feasible,13,97.8172633483708,88.27686784832848,99.91746256337696,9,False,False,False,False,False
2024-12,98,90,previous_month,multicover,2024-11,Feasible,11,95.38194749871197,65.05382567426786,99.4054296612071,9,False,False,False,False,False
2024-12,98,90,expanding_window,multicover,2024-02;2024-03;2024-04;2024-05;2024-06;2024-07;2024-08;2024-09;2024-10;2024-11,Feasible,13,97.8172633483708,88.27686784832848,99.91746256337696,9,False,False,False,False,False
2024-12,98,90,previous_month,coverage_only,2024-11,Feasible,11,95.38194749871197,65.05382567426786,99.4054296612071,9,False,False,False,False,False
2024-12,98,90,expanding_window,coverage_only,2024-02;2024-03;2024-04;2024-05;2024-06;2024-07;2024-08;2024-09;2024-10;2024-11,Feasible,13,97.8172633483708,88.27686784832848,99.91746256337696,9,False,False,False,False,False
2024-12,98,90,previous_month,exact,2024-11,Optimal,11,95.38194749871197,65.05382567426786,99.4054296612071,9,False,False,False,False,False
2024-12,98,90,expanding_window,exact,2024-02;2024-03;2024-04;2024-05;2024-06;2024-07;2024-08;2024-09;2024-10;2024-11,Optimal,13,97.8172633483708,88.27686784832848,99.91746256337696,9,False,False,False,False,False
2024-12,98,90,frozen_initial_window,proposed,2024-02;2024-03;2024-04,Feasible,14,99.13042385553976,95.67318498538998,99.92018244013684,9,True,True,True,False,False
2024-12,98,90,frozen_initial_window,multicover,2024-02;2024-03;2024-04,Feasible,14,99.13042385553976,95.67318498538998,99.92018244013684,9,True,True,True,False,False
2024-12,98,90,frozen_initial_window,coverage_only,2024-02;2024-03;2024-04,Feasible,14,99.13042385553976,95.67318498538998,99.92018244013684,9,True,True,True,False,False
2024-12,98,90,retrospective_oracle,exact,2024-12,Optimal,10,98.02963093278376,94.0926777502653,98.94357743097238,9,True,True,True,False,False
2025-01,90,80,previous_month,proposed,2024-12,Feasible,9,94.76627545390711,87.03682590354578,97.50337381916329,9,True,True,True,False,False
2025-01,90,80,expanding_window,proposed,2024-02;2024-03;2024-04;2024-05;2024-06;2024-07;2024-08;2024-09;2024-10;2024-11;2024-12,Feasible,9,93.99262714414684,86.6232746044215,92.97685554668794,9,True,True,True,False,False
2025-01,90,80,previous_month,multicover,2024-12,Feasible,9,94.76627545390711,87.03682590354578,97.50337381916329,9,True,True,True,False,False
2025-01,90,80,expanding_window,multicover,2024-02;2024-03;2024-04;2024-05;2024-06;2024-07;2024-08;2024-09;2024-10;2024-11;2024-12,Feasible,9,93.99262714414684,86.6232746044215,92.97685554668794,9,True,True,True,False,False
2025-01,90,80,previous_month,coverage_only,2024-12,Feasible,9,94.76627545390711,87.03682590354578,97.50337381916329,9,True,True,True,False,False
2025-01,90,80,expanding_window,coverage_only,2024-02;2024-03;2024-04;2024-05;2024-06;2024-07;2024-08;2024-09;2024-10;2024-11;2024-12,Feasible,9,93.99262714414684,86.6232746044215,92.97685554668794,9,True,True,True,False,False
2025-01,90,80,previous_month,exact,2024-12,Optimal,9,94.76627545390711,87.03682590354578,97.50337381916329,9,True,True,True,False,False
2025-01,90,80,expanding_window,exact,2024-02;2024-03;2024-04;2024-05;2024-06;2024-07;2024-08;2024-09;2024-10;2024-11;2024-12,Optimal,9,93.99262714414684,86.6232746044215,92.97685554668794,9,True,True,True,False,False
2025-01,90,80,frozen_initial_window,proposed,2024-02;2024-03;2024-04,Feasible,9,90.66857257498243,74.21371549485428,91.83225649152747,9,True,False,False,False,False
2025-01,90,80,frozen_initial_window,multicover,2024-02;2024-03;2024-04,Feasible,9,90.66857257498243,74.21371549485428,91.83225649152747,9,True,False,False,False,False
2025-01,90,80,frozen_initial_window,coverage_only,2024-02;2024-03;2024-04,Feasible,9,90.66857257498243,74.21371549485428,91.83225649152747,9,True,False,False,False,False
2025-01,90,80,retrospective_oracle,exact,2025-01,Optimal,9,95.83584110743304,89.95226452439167,97.50337381916329,9,True,True,True,False,False
2025-01,95,85,previous_month,proposed,2024-12,Feasible,9,94.76627545390711,87.03682590354578,97.50337381916329,9,False,True,False,False,False
2025-01,95,85,expanding_window,proposed,2024-02;2024-03;2024-04;2024-05;2024-06;2024-07;2024-08;2024-09;2024-10;2024-11;2024-12,Feasible,10,95.28036914434747,86.6232746044215,97.50337381916329,9,True,True,True,False,False
2025-01,95,85,previous_month,multicover,2024-12,Feasible,9,94.76627545390711,87.03682590354578,97.50337381916329,9,False,True,False,False,False
2025-01,95,85,expanding_window,multicover,2024-02;2024-03;2024-04;2024-05;2024-06;2024-07;2024-08;2024-09;2024-10;2024-11;2024-12,Feasible,10,95.05466947537366,86.6232746044215,97.50337381916329,9,True,True,True,False,False
2025-01,95,85,previous_month,coverage_only,2024-12,Feasible,9,94.76627545390711,87.03682590354578,97.50337381916329,9,False,True,False,False,False
2025-01,95,85,expanding_window,coverage_only,2024-02;2024-03;2024-04;2024-05;2024-06;2024-07;2024-08;2024-09;2024-10;2024-11;2024-12,Feasible,10,95.28036914434747,86.6232746044215,97.50337381916329,9,True,True,True,False,False
2025-01,95,85,previous_month,exact,2024-12,Optimal,9,94.76627545390711,87.03682590354578,97.50337381916329,9,False,True,False,False,False
2025-01,95,85,expanding_window,exact,2024-02;2024-03;2024-04;2024-05;2024-06;2024-07;2024-08;2024-09;2024-10;2024-11;2024-12,Optimal,10,95.28036914434747,86.6232746044215,97.50337381916329,9,True,True,True,False,False
2025-01,95,85,frozen_initial_window,proposed,2024-02;2024-03;2024-04,Feasible,10,94.03024375564247,86.6232746044215,92.97685554668794,9,False,True,False,False,False
2025-01,95,85,frozen_initial_window,multicover,2024-02;2024-03;2024-04,Feasible,10,94.03024375564247,86.6232746044215,92.97685554668794,9,False,True,False,False,False
2025-01,95,85,frozen_initial_window,coverage_only,2024-02;2024-03;2024-04,Feasible,10,94.03024375564247,86.6232746044215,92.97685554668794,9,False,True,False,False,False
2025-01,95,85,retrospective_oracle,exact,2025-01,Optimal,9,95.83584110743304,89.95226452439167,97.50337381916329,9,True,True,True,False,False
2025-01,98,90,previous_month,proposed,2024-12,Feasible,10,95.60637977730966,87.03682590354578,98.16732119481138,9,False,False,False,False,False
2025-01,98,90,expanding_window,proposed,2024-02;2024-03;2024-04;2024-05;2024-06;2024-07;2024-08;2024-09;2024-10;2024-11;2024-12,Feasible,13,97.22013241047246,86.6232746044215,99.80738726489916,9,False,False,False,False,False
2025-01,98,90,previous_month,multicover,2024-12,Feasible,10,95.60637977730966,87.03682590354578,98.16732119481138,9,False,False,False,False,False
2025-01,98,90,expanding_window,multicover,2024-02;2024-03;2024-04;2024-05;2024-06;2024-07;2024-08;2024-09;2024-10;2024-11;2024-12,Feasible,13,97.22013241047246,86.6232746044215,99.80738726489916,9,False,False,False,False,False
2025-01,98,90,previous_month,coverage_only,2024-12,Feasible,10,95.60637977730966,87.03682590354578,98.16732119481138,9,False,False,False,False,False
2025-01,98,90,expanding_window,coverage_only,2024-02;2024-03;2024-04;2024-05;2024-06;2024-07;2024-08;2024-09;2024-10;2024-11;2024-12,Feasible,13,97.22013241047246,86.6232746044215,99.80738726489916,9,False,False,False,False,False
2025-01,98,90,previous_month,exact,2024-12,Optimal,10,95.60637977730966,87.03682590354578,98.16732119481138,9,False,False,False,False,False
2025-01,98,90,expanding_window,exact,2024-02;2024-03;2024-04;2024-05;2024-06;2024-07;2024-08;2024-09;2024-10;2024-11;2024-12,Optimal,13,97.22013241047246,86.6232746044215,99.80738726489916,9,False,False,False,False,False
2025-01,98,90,frozen_initial_window,proposed,2024-02;2024-03;2024-04,Feasible,14,98.71476577389907,92.97685554668794,99.8137152171382,9,True,True,True,False,False
2025-01,98,90,frozen_initial_window,multicover,2024-02;2024-03;2024-04,Feasible,14,98.71476577389907,92.97685554668794,99.8137152171382,9,True,True,True,False,False
2025-01,98,90,frozen_initial_window,coverage_only,2024-02;2024-03;2024-04,Feasible,14,98.71476577389907,92.97685554668794,99.8137152171382,9,True,True,True,False,False
2025-01,98,90,retrospective_oracle,exact,2025-01,Optimal,12,98.6094392617113,92.97685554668794,99.71145522746946,9,True,True,True,False,False
2025-02,90,80,previous_month,proposed,2025-01,Feasible,9,94.4545078971621,79.88614800759014,97.50425411230856,9,True,False,False,False,False
2025-02,90,80,expanding_window,proposed,2024-02;2024-03;2024-04;2024-05;2024-06;2024-07;2024-08;2024-09;2024-10;2024-11;2024-12;2025-01,Feasible,9,93.89042488956684,83.10935068609422,93.20178819176814,9,True,True,True,False,False
2025-02,90,80,previous_month,multicover,2025-01,Feasible,9,94.4545078971621,79.88614800759014,97.50425411230856,9,True,False,False,False,False
2025-02,90,80,expanding_window,multicover,2024-02;2024-03;2024-04;2024-05;2024-06;2024-07;2024-08;2024-09;2024-10;2024-11;2024-12;2025-01,Feasible,9,93.89042488956684,83.10935068609422,93.20178819176814,9,True,True,True,False,False
2025-02,90,80,previous_month,coverage_only,2025-01,Feasible,9,94.4545078971621,79.88614800759014,97.50425411230856,9,True,False,False,False,False
2025-02,90,80,expanding_window,coverage_only,2024-02;2024-03;2024-04;2024-05;2024-06;2024-07;2024-08;2024-09;2024-10;2024-11;2024-12;2025-01,Feasible,9,93.89042488956684,83.10935068609422,93.20178819176814,9,True,True,True,False,False
2025-02,90,80,previous_month,exact,2025-01,Optimal,9,94.4545078971621,79.88614800759014,97.50425411230856,9,True,False,False,False,False
2025-02,90,80,expanding_window,exact,2024-02;2024-03;2024-04;2024-05;2024-06;2024-07;2024-08;2024-09;2024-10;2024-11;2024-12;2025-01,Optimal,9,93.89042488956684,83.10935068609422,93.20178819176814,9,True,True,True,False,False
2025-02,90,80,frozen_initial_window,proposed,2024-02;2024-03;2024-04,Feasible,9,90.75380557409348,75.7825770444067,92.07157404713412,9,True,False,False,False,False
2025-02,90,80,frozen_initial_window,multicover,2024-02;2024-03;2024-04,Feasible,9,90.75380557409348,75.7825770444067,92.07157404713412,9,True,False,False,False,False
2025-02,90,80,frozen_initial_window,coverage_only,2024-02;2024-03;2024-04,Feasible,9,90.75380557409348,75.7825770444067,92.07157404713412,9,True,False,False,False,False
2025-02,90,80,retrospective_oracle,exact,2025-02,Optimal,9,95.81307401404646,89.51121675828257,97.6004799040192,9,True,True,True,False,False
2025-02,95,85,previous_month,proposed,2025-01,Feasible,9,94.4545078971621,79.88614800759014,97.50425411230856,9,False,False,False,False,False
2025-02,95,85,expanding_window,proposed,2024-02;2024-03;2024-04;2024-05;2024-06;2024-07;2024-08;2024-09;2024-10;2024-11;2024-12;2025-01,Feasible,10,94.82473702609084,83.10935068609422,97.50425411230856,9,False,False,False,False,False
2025-02,95,85,previous_month,multicover,2025-01,Feasible,9,94.4545078971621,79.88614800759014,97.50425411230856,9,False,False,False,False,False
2025-02,95,85,expanding_window,multicover,2024-02;2024-03;2024-04;2024-05;2024-06;2024-07;2024-08;2024-09;2024-10;2024-11;2024-12;2025-01,Feasible,10,95.01064607366447,83.10935068609422,97.50425411230856,9,True,False,False,False,False
2025-02,95,85,previous_month,coverage_only,2025-01,Feasible,9,94.4545078971621,79.88614800759014,97.50425411230856,9,False,False,False,False,False
2025-02,95,85,expanding_window,coverage_only,2024-02;2024-03;2024-04;2024-05;2024-06;2024-07;2024-08;2024-09;2024-10;2024-11;2024-12;2025-01,Feasible,10,94.82473702609084,83.10935068609422,97.50425411230856,9,False,False,False,False,False
2025-02,95,85,previous_month,exact,2025-01,Optimal,9,94.4545078971621,79.88614800759014,97.50425411230856,9,False,False,False,False,False
2025-02,95,85,expanding_window,exact,2024-02;2024-03;2024-04;2024-05;2024-06;2024-07;2024-08;2024-09;2024-10;2024-11;2024-12;2025-01,Optimal,10,94.82473702609084,83.10935068609422,97.50425411230856,9,False,False,False,False,False
2025-02,95,85,frozen_initial_window,proposed,2024-02;2024-03;2024-04,Feasible,10,93.92538214637555,83.10935068609422,93.20178819176814,9,False,False,False,False,False
2025-02,95,85,frozen_initial_window,multicover,2024-02;2024-03;2024-04,Feasible,10,93.92538214637555,83.10935068609422,93.20178819176814,9,False,False,False,False,False
2025-02,95,85,frozen_initial_window,coverage_only,2024-02;2024-03;2024-04,Feasible,10,93.92538214637555,83.10935068609422,93.20178819176814,9,False,False,False,False,False
2025-02,95,85,retrospective_oracle,exact,2025-02,Optimal,9,95.81307401404646,89.51121675828257,97.6004799040192,9,True,True,True,False,False
2025-02,98,90,previous_month,proposed,2025-01,Feasible,12,98.46505863285348,92.07157404713412,99.73307449648144,9,True,True,True,False,False
2025-02,98,90,expanding_window,proposed,2024-02;2024-03;2024-04;2024-05;2024-06;2024-07;2024-08;2024-09;2024-10;2024-11;2024-12;2025-01,Feasible,14,98.57787523437251,92.07157404713412,99.98514336651314,9,True,True,True,False,False
2025-02,98,90,previous_month,multicover,2025-01,Feasible,12,98.04398258493023,92.07157404713412,99.73307449648144,9,True,True,True,False,False
2025-02,98,90,expanding_window,multicover,2024-02;2024-03;2024-04;2024-05;2024-06;2024-07;2024-08;2024-09;2024-10;2024-11;2024-12;2025-01,Feasible,14,98.15679918644928,92.07157404713412,99.98514336651314,9,True,True,True,False,False
2025-02,98,90,previous_month,coverage_only,2025-01,Feasible,12,98.46505863285348,92.07157404713412,99.73307449648144,9,True,True,True,False,False
2025-02,98,90,expanding_window,coverage_only,2024-02;2024-03;2024-04;2024-05;2024-06;2024-07;2024-08;2024-09;2024-10;2024-11;2024-12;2025-01,Feasible,14,98.57787523437251,92.07157404713412,99.98514336651314,9,True,True,True,False,False
2025-02,98,90,previous_month,exact,2025-01,Optimal,12,98.46505863285348,92.07157404713412,99.73307449648144,9,True,True,True,False,False
2025-02,98,90,expanding_window,exact,2024-02;2024-03;2024-04;2024-05;2024-06;2024-07;2024-08;2024-09;2024-10;2024-11;2024-12;2025-01,Optimal,14,98.57787523437251,92.07157404713412,99.98514336651314,9,True,True,True,False,False
2025-02,98,90,frozen_initial_window,proposed,2024-02;2024-03;2024-04,Feasible,14,98.57787523437251,92.07157404713412,99.98514336651314,9,True,True,True,False,False
2025-02,98,90,frozen_initial_window,multicover,2024-02;2024-03;2024-04,Feasible,14,98.57787523437251,92.07157404713412,99.98514336651314,9,True,True,True,False,False
2025-02,98,90,frozen_initial_window,coverage_only,2024-02;2024-03;2024-04,Feasible,14,98.57787523437251,92.07157404713412,99.98514336651314,9,True,True,True,False,False
2025-02,98,90,retrospective_oracle,exact,2025-02,Optimal,12,98.7256490927003,93.20178819176814,99.73307449648144,9,True,True,True,False,False
2025-03,90,80,previous_month,proposed,2025-02,Feasible,9,93.31817591269326,84.45589785638984,93.0018192844148,9,True,True,True,False,False
2025-03,90,80,expanding_window,proposed,2024-02;2024-03;2024-04;2024-05;2024-06;2024-07;2024-08;2024-09;2024-10;2024-11;2024-12;2025-01;2025-02,Feasible,9,93.18175912693258,84.72625828199465,93.0018192844148,9,True,True,True,False,False
2025-03,90,80,previous_month,multicover,2025-02,Feasible,9,93.31817591269326,84.45589785638984,93.0018192844148,9,True,True,True,False,False
2025-03,90,80,expanding_window,multicover,2024-02;2024-03;2024-04;2024-05;2024-06;2024-07;2024-08;2024-09;2024-10;2024-11;2024-12;2025-01;2025-02,Feasible,9,93.18175912693258,84.72625828199465,93.0018192844148,9,True,True,True,False,False
2025-03,90,80,previous_month,coverage_only,2025-02,Feasible,9,93.31817591269326,84.45589785638984,93.0018192844148,9,True,True,True,False,False
2025-03,90,80,expanding_window,coverage_only,2024-02;2024-03;2024-04;2024-05;2024-06;2024-07;2024-08;2024-09;2024-10;2024-11;2024-12;2025-01;2025-02,Feasible,9,93.18175912693258,84.72625828199465,93.0018192844148,9,True,True,True,False,False
2025-03,90,80,previous_month,exact,2025-02,Optimal,9,93.31817591269326,84.45589785638984,93.0018192844148,9,True,True,True,False,False
2025-03,90,80,expanding_window,exact,2024-02;2024-03;2024-04;2024-05;2024-06;2024-07;2024-08;2024-09;2024-10;2024-11;2024-12;2025-01;2025-02,Optimal,9,93.18175912693258,84.72625828199465,93.0018192844148,9,True,True,True,False,False
2025-03,90,80,frozen_initial_window,proposed,2024-02;2024-03;2024-04,Feasible,9,90.42094322463298,78.44424549885606,92.73948302078054,9,True,False,False,False,False
2025-03,90,80,frozen_initial_window,multicover,2024-02;2024-03;2024-04,Feasible,9,90.42094322463298,78.44424549885606,92.73948302078054,9,True,False,False,False,False
2025-03,90,80,frozen_initial_window,coverage_only,2024-02;2024-03;2024-04,Feasible,9,90.42094322463298,78.44424549885606,92.73948302078054,9,True,False,False,False,False
2025-03,90,80,retrospective_oracle,exact,2025-03,Optimal,9,96.55190333896324,92.73948302078054,96.31757945350064,9,True,True,True,False,False
2025-03,95,85,previous_month,proposed,2025-02,Feasible,9,93.31817591269326,84.45589785638984,93.0018192844148,9,False,False,False,False,False
2025-03,95,85,expanding_window,proposed,2024-02;2024-03;2024-04;2024-05;2024-06;2024-07;2024-08;2024-09;2024-10;2024-11;2024-12;2025-01;2025-02,Feasible,10,94.7005326750682,84.72625828199465,96.15525448553645,9,False,False,False,False,False
2025-03,95,85,previous_month,multicover,2025-02,Feasible,9,93.31817591269326,84.45589785638984,93.0018192844148,9,False,False,False,False,False
2025-03,95,85,expanding_window,multicover,2024-02;2024-03;2024-04;2024-05;2024-06;2024-07;2024-08;2024-09;2024-10;2024-11;2024-12;2025-01;2025-02,Feasible,10,93.92230739249058,84.72625828199465,96.15525448553645,9,False,False,False,False,False
2025-03,95,85,previous_month,coverage_only,2025-02,Feasible,9,93.31817591269326,84.45589785638984,93.0018192844148,9,False,False,False,False,False
2025-03,95,85,expanding_window,coverage_only,2024-02;2024-03;2024-04;2024-05;2024-06;2024-07;2024-08;2024-09;2024-10;2024-11;2024-12;2025-01;2025-02,Feasible,10,94.7005326750682,84.72625828199465,96.15525448553645,9,False,False,False,False,False
2025-03,95,85,previous_month,exact,2025-02,Optimal,9,93.31817591269326,84.45589785638984,93.0018192844148,9,False,False,False,False,False
2025-03,95,85,expanding_window,exact,2024-02;2024-03;2024-04;2024-05;2024-06;2024-07;2024-08;2024-09;2024-10;2024-11;2024-12;2025-01;2025-02,Optimal,10,94.7005326750682,84.72625828199465,96.15525448553645,9,False,False,False,False,False
2025-03,95,85,frozen_initial_window,proposed,2024-02;2024-03;2024-04,Feasible,10,93.23632584123683,84.72625828199465,93.0018192844148,9,False,False,False,False,False
2025-03,95,85,frozen_initial_window,multicover,2024-02;2024-03;2024-04,Feasible,10,93.23632584123683,84.72625828199465,93.0018192844148,9,False,False,False,False,False
2025-03,95,85,frozen_initial_window,coverage_only,2024-02;2024-03;2024-04,Feasible,10,93.23632584123683,84.72625828199465,93.0018192844148,9,False,False,False,False,False
2025-03,95,85,retrospective_oracle,exact,2025-03,Optimal,9,96.55190333896324,92.73948302078054,96.31757945350064,9,True,True,True,False,False
2025-03,98,90,previous_month,proposed,2025-02,Feasible,12,96.90009094452384,84.45589785638984,99.54869358669832,9,False,False,False,False,False
2025-03,98,90,expanding_window,proposed,2024-02;2024-03;2024-04;2024-05;2024-06;2024-07;2024-08;2024-09;2024-10;2024-11;2024-12;2025-01;2025-02,Feasible,14,97.94725217617254,88.06145185880145,99.9151000606428,9,False,False,False,False,False
2025-03,98,90,previous_month,multicover,2025-02,Feasible,12,97.3015460569053,88.06145185880145,99.54869358669832,9,False,False,False,False,False
2025-03,98,90,expanding_window,multicover,2024-02;2024-03;2024-04;2024-05;2024-06;2024-07;2024-08;2024-09;2024-10;2024-11;2024-12;2025-01;2025-02,Feasible,14,97.46524619981813,88.06145185880145,99.9151000606428,9,False,False,False,False,False
2025-03,98,90,previous_month,coverage_only,2025-02,Feasible,12,96.90009094452384,84.45589785638984,99.54869358669832,9,False,False,False,False,False
2025-03,98,90,expanding_window,coverage_only,2024-02;2024-03;2024-04;2024-05;2024-06;2024-07;2024-08;2024-09;2024-10;2024-11;2024-12;2025-01;2025-02,Feasible,14,97.94725217617254,88.06145185880145,99.9151000606428,9,False,False,False,False,False
2025-03,98,90,previous_month,exact,2025-02,Optimal,12,96.90009094452384,84.45589785638984,99.54869358669832,9,False,False,False,False,False
2025-03,98,90,expanding_window,exact,2024-02;2024-03;2024-04;2024-05;2024-06;2024-07;2024-08;2024-09;2024-10;2024-11;2024-12;2025-01;2025-02,Optimal,14,97.94725217617254,88.06145185880145,99.9151000606428,9,False,False,False,False,False
2025-03,98,90,frozen_initial_window,proposed,2024-02;2024-03;2024-04,Feasible,14,97.94725217617254,88.06145185880145,99.9151000606428,9,False,False,False,False,False
2025-03,98,90,frozen_initial_window,multicover,2024-02;2024-03;2024-04,Feasible,14,97.94725217617254,88.06145185880145,99.9151000606428,9,False,False,False,False,False
2025-03,98,90,frozen_initial_window,coverage_only,2024-02;2024-03;2024-04,Feasible,14,97.94725217617254,88.06145185880145,99.9151000606428,9,False,False,False,False,False
2025-03,98,90,retrospective_oracle,exact,2025-03,Optimal,11,98.03689749252956,94.01176470588236,99.02359641985352,9,True,True,True,False,False
2025-04,90,80,previous_month,proposed,2025-03,Feasible,9,95.45454545454544,90.6671572234486,95.0605442992447,9,True,True,True,False,False
2025-04,90,80,expanding_window,proposed,2024-02;2024-03;2024-04;2024-05;2024-06;2024-07;2024-08;2024-09;2024-10;2024-11;2024-12;2025-01;2025-02;2025-03,Feasible,9,93.39931359246548,85.13367701714422,94.76268412438624,9,True,True,True,False,False
2025-04,90,80,previous_month,multicover,2025-03,Feasible,9,95.45454545454544,90.6671572234486,95.0605442992447,9,True,True,True,False,False
2025-04,90,80,expanding_window,multicover,2024-02;2024-03;2024-04;2024-05;2024-06;2024-07;2024-08;2024-09;2024-10;2024-11;2024-12;2025-01;2025-02;2025-03,Feasible,9,93.39931359246548,85.13367701714422,94.76268412438624,9,True,True,True,False,False
2025-04,90,80,previous_month,coverage_only,2025-03,Feasible,9,95.45454545454544,90.6671572234486,95.0605442992447,9,True,True,True,False,False
2025-04,90,80,expanding_window,coverage_only,2024-02;2024-03;2024-04;2024-05;2024-06;2024-07;2024-08;2024-09;2024-10;2024-11;2024-12;2025-01;2025-02;2025-03,Feasible,9,93.39931359246548,85.13367701714422,94.76268412438624,9,True,True,True,False,False
2025-04,90,80,previous_month,exact,2025-03,Optimal,9,95.45454545454544,90.6671572234486,95.0605442992447,9,True,True,True,False,False
2025-04,90,80,expanding_window,exact,2024-02;2024-03;2024-04;2024-05;2024-06;2024-07;2024-08;2024-09;2024-10;2024-11;2024-12;2025-01;2025-02;2025-03,Optimal,9,93.39931359246548,85.13367701714422,94.76268412438624,9,True,True,True,False,False
2025-04,90,80,frozen_initial_window,proposed,2024-02;2024-03;2024-04,Feasible,9,88.26988054380504,72.69391499337479,90.6671572234486,9,False,False,False,False,False
2025-04,90,80,frozen_initial_window,multicover,2024-02;2024-03;2024-04,Feasible,9,88.26988054380504,72.69391499337479,90.6671572234486,9,False,False,False,False,False
2025-04,90,80,frozen_initial_window,coverage_only,2024-02;2024-03;2024-04,Feasible,9,88.26988054380504,72.69391499337479,90.6671572234486,9,False,False,False,False,False
2025-04,90,80,retrospective_oracle,exact,2025-04,Optimal,9,95.45454545454544,90.6671572234486,95.0605442992447,9,True,True,True,False,False
2025-04,95,85,previous_month,proposed,2025-03,Feasible,9,95.45454545454544,90.6671572234486,95.0605442992447,9,True,True,True,False,False
2025-04,95,85,expanding_window,proposed,2024-02;2024-03;2024-04;2024-05;2024-06;2024-07;2024-08;2024-09;2024-10;2024-11;2024-12;2025-01;2025-02;2025-03,Feasible,10,95.04882007076915,85.34723063871046,95.6348727842759,9,True,True,True,False,False
2025-04,95,85,previous_month,multicover,2025-03,Feasible,9,95.45454545454544,90.6671572234486,95.0605442992447,9,True,True,True,False,False
2025-04,95,85,expanding_window,multicover,2024-02;2024-03;2024-04;2024-05;2024-06;2024-07;2024-08;2024-09;2024-10;2024-11;2024-12;2025-01;2025-02;2025-03,Feasible,10,94.40365019820683,85.13367701714422,95.6348727842759,9,False,True,False,False,False
2025-04,95,85,previous_month,coverage_only,2025-03,Feasible,9,95.45454545454544,90.6671572234486,95.0605442992447,9,True,True,True,False,False
2025-04,95,85,expanding_window,coverage_only,2024-02;2024-03;2024-04;2024-05;2024-06;2024-07;2024-08;2024-09;2024-10;2024-11;2024-12;2025-01;2025-02;2025-03,Feasible,10,95.04882007076915,85.34723063871046,95.6348727842759,9,True,True,True,False,False
2025-04,95,85,previous_month,exact,2025-03,Optimal,9,95.45454545454544,90.6671572234486,95.0605442992447,9,True,True,True,False,False
2025-04,95,85,expanding_window,exact,2024-02;2024-03;2024-04;2024-05;2024-06;2024-07;2024-08;2024-09;2024-10;2024-11;2024-12;2025-01;2025-02;2025-03,Optimal,10,95.04882007076915,85.34723063871046,95.6348727842759,9,True,True,True,False,False
2025-04,95,85,frozen_initial_window,proposed,2024-02;2024-03;2024-04,Feasible,10,91.83361268523691,83.81509794553273,90.71364966289276,9,False,False,False,False,False
2025-04,95,85,frozen_initial_window,multicover,2024-02;2024-03;2024-04,Feasible,10,91.83361268523691,83.81509794553273,90.71364966289276,9,False,False,False,False,False
2025-04,95,85,frozen_initial_window,coverage_only,2024-02;2024-03;2024-04,Feasible,10,91.83361268523691,83.81509794553273,90.71364966289276,9,False,False,False,False,False
2025-04,95,85,retrospective_oracle,exact,2025-04,Optimal,9,95.45454545454544,90.6671572234486,95.0605442992447,9,True,True,True,False,False
2025-04,98,90,previous_month,proposed,2025-03,Feasible,11,97.4299624870301,94.03708641376802,98.68609651218348,9,False,True,False,False,False
2025-04,98,90,expanding_window,proposed,2024-02;2024-03;2024-04;2024-05;2024-06;2024-07;2024-08;2024-09;2024-10;2024-11;2024-12;2025-01;2025-02;2025-03,Feasible,14,97.26102109771996,85.34723063871046,99.92641648270788,9,False,False,False,False,False
2025-04,98,90,previous_month,multicover,2025-03,Feasible,11,97.4299624870301,94.03708641376802,98.68609651218348,9,False,True,False,False,False
2025-04,98,90,expanding_window,multicover,2024-02;2024-03;2024-04;2024-05;2024-06;2024-07;2024-08;2024-09;2024-10;2024-11;2024-12;2025-01;2025-02;2025-03,Feasible,14,96.77149014286854,85.34723063871046,99.92641648270788,9,False,False,False,False,False
2025-04,98,90,previous_month,coverage_only,2025-03,Feasible,11,97.4299624870301,94.03708641376802,98.68609651218348,9,False,True,False,False,False
2025-04,98,90,expanding_window,coverage_only,2024-02;2024-03;2024-04;2024-05;2024-06;2024-07;2024-08;2024-09;2024-10;2024-11;2024-12;2025-01;2025-02;2025-03,Feasible,14,97.26102109771996,85.34723063871046,99.92641648270788,9,False,False,False,False,False
2025-04,98,90,previous_month,exact,2025-03,Optimal,11,97.4299624870301,94.03708641376802,98.68609651218348,9,False,True,False,False,False
2025-04,98,90,expanding_window,exact,2024-02;2024-03;2024-04;2024-05;2024-06;2024-07;2024-08;2024-09;2024-10;2024-11;2024-12;2025-01;2025-02;2025-03,Optimal,14,97.26102109771996,85.34723063871046,99.92641648270788,9,False,False,False,False,False
2025-04,98,90,frozen_initial_window,proposed,2024-02;2024-03;2024-04,Feasible,14,97.26102109771996,85.34723063871046,99.92641648270788,9,False,False,False,False,False
2025-04,98,90,frozen_initial_window,multicover,2024-02;2024-03;2024-04,Feasible,14,97.26102109771996,85.34723063871046,99.92641648270788,9,False,False,False,False,False
2025-04,98,90,frozen_initial_window,coverage_only,2024-02;2024-03;2024-04,Feasible,14,97.26102109771996,85.34723063871046,99.92641648270788,9,False,False,False,False,False
2025-04,98,90,retrospective_oracle,exact,2025-04,Optimal,12,98.07247186527256,94.76268412438624,99.1899852724595,9,True,True,True,False,False
2025-05,90,80,previous_month,proposed,2025-04,Feasible,9,73.780889514681,0.0,64.85744366187292,10,False,False,False,False,False
2025-05,90,80,expanding_window,proposed,2024-02;2024-03;2024-04;2024-05;2024-06;2024-07;2024-08;2024-09;2024-10;2024-11;2024-12;2025-01;2025-02;2025-03;2025-04,Feasible,9,65.12859597225273,0.0,58.771617215207016,10,False,False,False,False,False
2025-05,90,80,previous_month,multicover,2025-04,Feasible,9,73.780889514681,0.0,64.85744366187292,10,False,False,False,False,False
2025-05,90,80,expanding_window,multicover,2024-02;2024-03;2024-04;2024-05;2024-06;2024-07;2024-08;2024-09;2024-10;2024-11;2024-12;2025-01;2025-02;2025-03;2025-04,Feasible,9,65.12859597225273,0.0,58.771617215207016,10,False,False,False,False,False
2025-05,90,80,previous_month,coverage_only,2025-04,Feasible,9,73.780889514681,0.0,64.85744366187292,10,False,False,False,False,False
2025-05,90,80,expanding_window,coverage_only,2024-02;2024-03;2024-04;2024-05;2024-06;2024-07;2024-08;2024-09;2024-10;2024-11;2024-12;2025-01;2025-02;2025-03;2025-04,Feasible,9,65.12859597225273,0.0,58.771617215207016,10,False,False,False,False,False
2025-05,90,80,previous_month,exact,2025-04,Optimal,9,73.780889514681,0.0,64.85744366187292,10,False,False,False,False,False
2025-05,90,80,expanding_window,exact,2024-02;2024-03;2024-04;2024-05;2024-06;2024-07;2024-08;2024-09;2024-10;2024-11;2024-12;2025-01;2025-02;2025-03;2025-04,Optimal,9,65.12859597225273,0.0,58.771617215207016,10,False,False,False,False,False
2025-05,90,80,frozen_initial_window,proposed,2024-02;2024-03;2024-04,Feasible,9,54.09039825352331,0.0,54.83714633496835,10,False,False,False,False,False
2025-05,90,80,frozen_initial_window,multicover,2024-02;2024-03;2024-04,Feasible,9,54.09039825352331,0.0,54.83714633496835,10,False,False,False,False,False
2025-05,90,80,frozen_initial_window,coverage_only,2024-02;2024-03;2024-04,Feasible,9,54.09039825352331,0.0,54.83714633496835,10,False,False,False,False,False
2025-05,90,80,retrospective_oracle,exact,2025-05,Optimal,13,96.98371074625707,91.47358665430954,98.8716363359002,10,True,True,True,False,False
2025-05,95,85,previous_month,proposed,2025-04,Feasible,9,73.780889514681,0.0,64.85744366187292,10,False,False,False,False,False
2025-05,95,85,expanding_window,proposed,2024-02;2024-03;2024-04;2024-05;2024-06;2024-07;2024-08;2024-09;2024-10;2024-11;2024-12;2025-01;2025-02;2025-03;2025-04,Feasible,10,70.24918295376746,0.0,60.39060938256164,10,False,False,False,False,False
2025-05,95,85,previous_month,multicover,2025-04,Feasible,9,73.780889514681,0.0,64.85744366187292,10,False,False,False,False,False
2025-05,95,85,expanding_window,multicover,2024-02;2024-03;2024-04;2024-05;2024-06;2024-07;2024-08;2024-09;2024-10;2024-11;2024-12;2025-01;2025-02;2025-03;2025-04,Feasible,10,70.42615581362304,0.0,60.39060938256164,10,False,False,False,False,False
2025-05,95,85,previous_month,coverage_only,2025-04,Feasible,9,73.780889514681,0.0,64.85744366187292,10,False,False,False,False,False
2025-05,95,85,expanding_window,coverage_only,2024-02;2024-03;2024-04;2024-05;2024-06;2024-07;2024-08;2024-09;2024-10;2024-11;2024-12;2025-01;2025-02;2025-03;2025-04,Feasible,10,70.24918295376746,0.0,60.39060938256164,10,False,False,False,False,False
2025-05,95,85,previous_month,exact,2025-04,Optimal,9,73.780889514681,0.0,64.85744366187292,10,False,False,False,False,False
2025-05,95,85,expanding_window,exact,2024-02;2024-03;2024-04;2024-05;2024-06;2024-07;2024-08;2024-09;2024-10;2024-11;2024-12;2025-01;2025-02;2025-03;2025-04,Optimal,10,70.24918295376746,0.0,60.39060938256164,10,False,False,False,False,False
2025-05,95,85,frozen_initial_window,proposed,2024-02;2024-03;2024-04,Feasible,10,61.44962732357615,0.0,56.51790555563339,10,False,False,False,False,False
2025-05,95,85,frozen_initial_window,multicover,2024-02;2024-03;2024-04,Feasible,10,61.44962732357615,0.0,56.51790555563339,10,False,False,False,False,False
2025-05,95,85,frozen_initial_window,coverage_only,2024-02;2024-03;2024-04,Feasible,10,61.44962732357615,0.0,56.51790555563339,10,False,False,False,False,False
2025-05,95,85,retrospective_oracle,exact,2025-05,Optimal,13,96.98371074625707,91.47358665430954,98.8716363359002,10,True,True,True,False,False
2025-05,98,90,previous_month,proposed,2025-04,Feasible,12,83.74949943807887,0.0,95.42530278723784,10,False,False,False,False,False
2025-05,98,90,expanding_window,proposed,2024-02;2024-03;2024-04;2024-05;2024-06;2024-07;2024-08;2024-09;2024-10;2024-11;2024-12;2025-01;2025-02;2025-03;2025-04,Feasible,14,84.7338302352318,0.0,99.52239650327245,10,False,False,False,False,False
2025-05,98,90,previous_month,multicover,2025-04,Feasible,12,83.74949943807887,0.0,95.42530278723784,10,False,False,False,False,False
2025-05,98,90,expanding_window,multicover,2024-02;2024-03;2024-04;2024-05;2024-06;2024-07;2024-08;2024-09;2024-10;2024-11;2024-12;2025-01;2025-02;2025-03;2025-04,Feasible,14,79.53573689173653,0.0,84.20727680344513,10,False,False,False,False,False
2025-05,98,90,previous_month,coverage_only,2025-04,Feasible,12,83.74949943807887,0.0,95.42530278723784,10,False,False,False,False,False
2025-05,98,90,expanding_window,coverage_only,2024-02;2024-03;2024-04;2024-05;2024-06;2024-07;2024-08;2024-09;2024-10;2024-11;2024-12;2025-01;2025-02;2025-03;2025-04,Feasible,14,79.53573689173653,0.0,84.20727680344513,10,False,False,False,False,False
2025-05,98,90,previous_month,exact,2025-04,Optimal,12,83.74949943807887,0.0,95.42530278723784,10,False,False,False,False,False
2025-05,98,90,expanding_window,exact,2024-02;2024-03;2024-04;2024-05;2024-06;2024-07;2024-08;2024-09;2024-10;2024-11;2024-12;2025-01;2025-02;2025-03;2025-04,Optimal,14,79.53573689173653,0.0,84.20727680344513,10,False,False,False,False,False
2025-05,98,90,frozen_initial_window,proposed,2024-02;2024-03;2024-04,Feasible,14,79.53573689173653,0.0,84.20727680344513,10,False,False,False,False,False
2025-05,98,90,frozen_initial_window,multicover,2024-02;2024-03;2024-04,Feasible,14,79.53573689173653,0.0,84.20727680344513,10,False,False,False,False,False
2025-05,98,90,frozen_initial_window,coverage_only,2024-02;2024-03;2024-04,Feasible,14,79.53573689173653,0.0,84.20727680344513,10,False,False,False,False,False
2025-05,98,90,retrospective_oracle,exact,2025-05,Optimal,15,98.77281593530802,93.09199220987512,99.60278021379996,10,True,True,True,False,False
2025-06,90,80,previous_month,proposed,2025-05,Feasible,13,94.5848247510366,83.15892740353172,98.85895404120444,9,True,True,True,False,False
2025-06,90,80,expanding_window,proposed,2024-02;2024-03;2024-04;2024-05;2024-06;2024-07;2024-08;2024-09;2024-10;2024-11;2024-12;2025-01;2025-02;2025-03;2025-04;2025-05,Feasible,10,95.44600772583904,89.0228013029316,96.62731871838112,9,True,True,True,False,False
2025-06,90,80,previous_month,multicover,2025-05,Feasible,13,94.5848247510366,83.15892740353172,98.85895404120444,9,True,True,True,False,False
2025-06,90,80,expanding_window,multicover,2024-02;2024-03;2024-04;2024-05;2024-06;2024-07;2024-08;2024-09;2024-10;2024-11;2024-12;2025-01;2025-02;2025-03;2025-04;2025-05,Feasible,10,95.44600772583904,89.0228013029316,96.62731871838112,9,True,True,True,False,False
2025-06,90,80,previous_month,coverage_only,2025-05,Feasible,13,94.5848247510366,83.15892740353172,98.85895404120444,9,True,True,True,False,False
2025-06,90,80,expanding_window,coverage_only,2024-02;2024-03;2024-04;2024-05;2024-06;2024-07;2024-08;2024-09;2024-10;2024-11;2024-12;2025-01;2025-02;2025-03;2025-04;2025-05,Feasible,19,99.73774674841408,97.746747064424,100.0,9,True,True,True,False,False
2025-06,90,80,previous_month,exact,2025-05,Optimal,13,94.5848247510366,83.15892740353172,98.85895404120444,9,True,True,True,False,False
2025-06,90,80,expanding_window,exact,2024-02;2024-03;2024-04;2024-05;2024-06;2024-07;2024-08;2024-09;2024-10;2024-11;2024-12;2025-01;2025-02;2025-03;2025-04;2025-05,Optimal,10,95.44600772583904,89.0228013029316,96.62731871838112,9,True,True,True,False,False
2025-06,90,80,frozen_initial_window,proposed,2024-02;2024-03;2024-04,Feasible,9,82.28727362937236,0.0,92.1517331589274,9,False,False,False,False,False
2025-06,90,80,frozen_initial_window,multicover,2024-02;2024-03;2024-04,Feasible,9,82.28727362937236,0.0,92.1517331589274,9,False,False,False,False,False
2025-06,90,80,frozen_initial_window,coverage_only,2024-02;2024-03;2024-04,Feasible,9,82.28727362937236,0.0,92.1517331589274,9,False,False,False,False,False
2025-06,90,80,retrospective_oracle,exact,2025-06,Optimal,9,95.70826097742496,89.0228013029316,97.6688378471032,9,True,True,True,False,False
2025-06,95,85,previous_month,proposed,2025-05,Feasible,13,94.5848247510366,83.15892740353172,98.85895404120444,9,False,False,False,False,False
2025-06,95,85,expanding_window,proposed,2024-02;2024-03;2024-04;2024-05;2024-06;2024-07;2024-08;2024-09;2024-10;2024-11;2024-12;2025-01;2025-02;2025-03;2025-04;2025-05,Feasible,12,97.48024240705958,89.68537139150179,97.746747064424,9,True,True,True,False,False
2025-06,95,85,previous_month,multicover,2025-05,Feasible,13,94.5848247510366,83.15892740353172,98.85895404120444,9,False,False,False,False,False
2025-06,95,85,expanding_window,multicover,2024-02;2024-03;2024-04;2024-05;2024-06;2024-07;2024-08;2024-09;2024-10;2024-11;2024-12;2025-01;2025-02;2025-03;2025-04;2025-05,Feasible,12,97.48024240705958,89.68537139150179,97.746747064424,9,True,True,True,False,False
2025-06,95,85,previous_month,coverage_only,2025-05,Feasible,13,94.5848247510366,83.15892740353172,98.85895404120444,9,False,False,False,False,False
2025-06,95,85,expanding_window,coverage_only,2024-02;2024-03;2024-04;2024-05;2024-06;2024-07;2024-08;2024-09;2024-10;2024-11;2024-12;2025-01;2025-02;2025-03;2025-04;2025-05,Feasible,19,99.73774674841408,97.746747064424,100.0,9,True,True,True,False,False
2025-06,95,85,previous_month,exact,2025-05,Optimal,13,94.5848247510366,83.15892740353172,98.85895404120444,9,False,False,False,False,False
2025-06,95,85,expanding_window,exact,2024-02;2024-03;2024-04;2024-05;2024-06;2024-07;2024-08;2024-09;2024-10;2024-11;2024-12;2025-01;2025-02;2025-03;2025-04;2025-05,Optimal,12,97.48024240705958,89.68537139150179,97.746747064424,9,True,True,True,False,False
2025-06,95,85,frozen_initial_window,proposed,2024-02;2024-03;2024-04,Feasible,10,84.5873055250381,0.0,96.513470681458,9,False,False,False,False,False
2025-06,95,85,frozen_initial_window,multicover,2024-02;2024-03;2024-04,Feasible,10,84.5873055250381,0.0,96.513470681458,9,False,False,False,False,False
2025-06,95,85,frozen_initial_window,coverage_only,2024-02;2024-03;2024-04,Feasible,10,84.5873055250381,0.0,96.513470681458,9,False,False,False,False,False
2025-06,95,85,retrospective_oracle,exact,2025-06,Optimal,9,95.70826097742496,89.0228013029316,97.6688378471032,9,True,True,True,False,False
2025-06,98,90,previous_month,proposed,2025-05,Feasible,15,98.07208420455754,86.44177748945832,99.90228013029316,9,True,False,False,False,False
2025-06,98,90,expanding_window,proposed,2024-02;2024-03;2024-04;2024-05;2024-06;2024-07;2024-08;2024-09;2024-10;2024-11;2024-12;2025-01;2025-02;2025-03;2025-04;2025-05,Feasible,16,99.01832228798244,96.513470681458,99.90228013029316,9,True,True,True,False,False
2025-06,98,90,previous_month,multicover,2025-05,Feasible,15,98.07208420455754,86.44177748945832,99.90228013029316,9,True,False,False,False,False
2025-06,98,90,expanding_window,multicover,2024-02;2024-03;2024-04;2024-05;2024-06;2024-07;2024-08;2024-09;2024-10;2024-11;2024-12;2025-01;2025-02;2025-03;2025-04;2025-05,Feasible,16,99.01832228798244,96.513470681458,99.90228013029316,9,True,True,True,False,False
2025-06,98,90,previous_month,coverage_only,2025-05,Feasible,15,98.07208420455754,86.44177748945832,99.90228013029316,9,True,False,False,False,False
2025-06,98,90,expanding_window,coverage_only,2024-02;2024-03;2024-04;2024-05;2024-06;2024-07;2024-08;2024-09;2024-10;2024-11;2024-12;2025-01;2025-02;2025-03;2025-04;2025-05,Feasible,19,99.73774674841408,97.746747064424,100.0,9,True,True,True,False,False
2025-06,98,90,previous_month,exact,2025-05,Optimal,15,98.07208420455754,86.44177748945832,99.90228013029316,9,True,False,False,False,False
2025-06,98,90,expanding_window,exact,2024-02;2024-03;2024-04;2024-05;2024-06;2024-07;2024-08;2024-09;2024-10;2024-11;2024-12;2025-01;2025-02;2025-03;2025-04;2025-05,Optimal,16,99.01832228798244,96.513470681458,99.90228013029316,9,True,True,True,False,False
2025-06,98,90,frozen_initial_window,proposed,2024-02;2024-03;2024-04,Feasible,14,86.97593649218557,0.0,99.2020427705075,9,False,False,False,False,False
2025-06,98,90,frozen_initial_window,multicover,2024-02;2024-03;2024-04,Feasible,14,86.97593649218557,0.0,99.2020427705075,9,False,False,False,False,False
2025-06,98,90,frozen_initial_window,coverage_only,2024-02;2024-03;2024-04,Feasible,14,86.97593649218557,0.0,99.2020427705075,9,False,False,False,False,False
2025-06,98,90,retrospective_oracle,exact,2025-06,Optimal,11,98.0189247616685,92.1517331589274,98.85895404120444,9,True,True,True,False,False
