month,P_min_pct,S_min_pct,method,fit_status,n_links,selected_links,subset_hash,packet_coverage_pct,worst_sensor_coverage_pct,median_sensor_coverage_pct,n_active_sensors,meets_packet_threshold,meets_sensor_threshold,meets_both_thresholds
2024-02,90,80,exact,Optimal,9,sensor01→gatewayC;sensor02→gatewayC;sensor03→gatewayC;sensor04→gatewayC;sensor05→gatewayA;sensor06→gatewayA;sensor07→gatewayA;sensor08→gatewayA;sensor09→gatewayA,68aabbae95322465,96.20199643362686,89.47190821663574,97.50794447231979,9,True,True,True
2024-02,90,80,proposed,Feasible,9,sensor01→gatewayC;sensor02→gatewayC;sensor03→gatewayC;sensor04→gatewayC;sensor05→gatewayA;sensor06→gatewayA;sensor07→gatewayA;sensor08→gatewayA;sensor09→gatewayA,68aabbae95322465,96.20199643362686,89.47190821663574,97.50794447231979,9,True,True,True
2024-02,90,80,multicover,Feasible,9,sensor01→gatewayA;sensor02→gatewayC;sensor03→gatewayC;sensor04→gatewayC;sensor05→gatewayA;sensor06→gatewayA;sensor07→gatewayA;sensor08→gatewayA;sensor09→gatewayA,2d610032a3e50ee7,95.7240288986525,85.42448005455165,97.50794447231979,9,True,True,True
2024-02,90,80,coverage_only,Feasible,9,sensor01→gatewayC;sensor02→gatewayC;sensor03→gatewayC;sensor04→gatewayC;sensor05→gatewayA;sensor06→gatewayA;sensor07→gatewayA;sensor08→gatewayA;sensor09→gatewayA,68aabbae95322465,96.20199643362686,89.47190821663574,97.50794447231979,9,True,True,True
2024-02,95,85,exact,Optimal,9,sensor01→gatewayC;sensor02→gatewayC;sensor03→gatewayC;sensor04→gatewayC;sensor05→gatewayA;sensor06→gatewayA;sensor07→gatewayA;sensor08→gatewayA;sensor09→gatewayA,68aabbae95322465,96.20199643362686,89.47190821663574,97.50794447231979,9,True,True,True
2024-02,95,85,proposed,Feasible,9,sensor01→gatewayC;sensor02→gatewayC;sensor03→gatewayC;sensor04→gatewayC;sensor05→gatewayA;sensor06→gatewayA;sensor07→gatewayA;sensor08→gatewayA;sensor09→gatewayA,68aabbae95322465,96.20199643362686,89.47190821663574,97.50794447231979,9,True,True,True
2024-02,95,85,multicover,Feasible,9,sensor01→gatewayA;sensor02→gatewayC;sensor03→gatewayC;sensor04→gatewayC;sensor05→gatewayA;sensor06→gatewayA;sensor07→gatewayA;sensor08→gatewayA;sensor09→gatewayA,2d610032a3e50ee7,95.7240288986525,85.42448005455165,97.50794447231979,9,True,True,True
2024-02,95,85,coverage_only,Feasible,9,sensor01→gatewayC;sensor02→gatewayC;sensor03→gatewayC;sensor04→gatewayC;sensor05→gatewayA;sensor06→gatewayA;sensor07→gatewayA;sensor08→gatewayA;sensor09→gatewayA,68aabbae95322465,96.20199643362686,89.47190821663574,97.50794447231979,9,True,True,True
2024-02,98,90,exact,Optimal,11,sensor01→gatewayA;sensor01→gatewayC;sensor02→gatewayC;sensor03→gatewayC;sensor04→gatewayC;sensor05→gatewayA;sensor06→gatewayA;sensor07→gatewayA;sensor07→gatewayC;sensor08→gatewayA;sensor09→gatewayA,c5938768945b9d17,98.42086879791165,95.92822636300897,98.72029250457038,9,True,True,True
2024-02,98,90,proposed,Feasible,11,sensor01→gatewayA;sensor01→gatewayC;sensor02→gatewayC;sensor03→gatewayC;sensor04→gatewayC;sensor05→gatewayA;sensor06→gatewayA;sensor07→gatewayA;sensor07→gatewayC;sensor08→gatewayA;sensor09→gatewayA,c5938768945b9d17,98.42086879791165,95.92822636300897,98.72029250457038,9,True,True,True
2024-02,98,90,multicover,Feasible,11,sensor01→gatewayA;sensor01→gatewayC;sensor02→gatewayC;sensor03→gatewayC;sensor04→gatewayC;sensor05→gatewayA;sensor06→gatewayA;sensor07→gatewayA;sensor07→gatewayC;sensor08→gatewayA;sensor09→gatewayA,c5938768945b9d17,98.42086879791165,95.92822636300897,98.72029250457038,9,True,True,True
2024-02,98,90,coverage_only,Feasible,11,sensor01→gatewayA;sensor01→gatewayC;sensor02→gatewayC;sensor03→gatewayC;sensor04→gatewayC;sensor05→gatewayA;sensor06→gatewayA;sensor07→gatewayA;sensor07→gatewayC;sensor08→gatewayA;sensor09→gatewayA,c5938768945b9d17,98.42086879791165,95.92822636300897,98.72029250457038,9,True,True,True
2024-03,90,80,exact,Optimal,9,sensor01→gatewayA;sensor02→gatewayA;sensor03→gatewayA;sensor04→gatewayA;sensor05→gatewayA;sensor06→gatewayA;sensor07→gatewayA;sensor08→gatewayA;sensor09→gatewayA,5116df5a05fbbfe0,97.15289234207866,95.02749502749502,96.28147799482231,9,True,True,True
2024-03,90,80,proposed,Feasible,9,sensor01→gatewayA;sensor02→gatewayA;sensor03→gatewayA;sensor04→gatewayA;sensor05→gatewayA;sensor06→gatewayA;sensor07→gatewayA;sensor08→gatewayA;sensor09→gatewayA,5116df5a05fbbfe0,97.15289234207866,95.02749502749502,96.28147799482231,9,True,True,True
2024-03,90,80,multicover,Feasible,9,sensor01→gatewayA;sensor02→gatewayA;sensor03→gatewayA;sensor04→gatewayA;sensor05→gatewayA;sensor06→gatewayA;sensor07→gatewayA;sensor08→gatewayA;sensor09→gatewayA,5116df5a05fbbfe0,97.15289234207866,95.02749502749502,96.28147799482231,9,True,True,True
2024-03,90,80,coverage_only,Feasible,9,sensor01→gatewayA;sensor02→gatewayA;sensor03→gatewayA;sensor04→gatewayA;sensor05→gatewayA;sensor06→gatewayA;sensor07→gatewayA;sensor08→gatewayA;sensor09→gatewayA,5116df5a05fbbfe0,97.15289234207866,95.02749502749502,96.28147799482231,9,True,True,True
2024-03,95,85,exact,Optimal,9,sensor01→gatewayA;sensor02→gatewayA;sensor03→gatewayA;sensor04→gatewayA;sensor05→gatewayA;sensor06→gatewayA;sensor07→gatewayA;sensor08→gatewayA;sensor09→gatewayA,5116df5a05fbbfe0,97.15289234207866,95.02749502749502,96.28147799482231,9,True,True,True
2024-03,95,85,proposed,Feasible,9,sensor01→gatewayA;sensor02→gatewayA;sensor03→gatewayA;sensor04→gatewayA;sensor05→gatewayA;sensor06→gatewayA;sensor07→gatewayA;sensor08→gatewayA;sensor09→gatewayA,5116df5a05fbbfe0,97.15289234207866,95.02749502749502,96.28147799482231,9,True,True,True
2024-03,95,85,multicover,Feasible,9,sensor01→gatewayA;sensor02→gatewayA;sensor03→gatewayA;sensor04→gatewayA;sensor05→gatewayA;sensor06→gatewayA;sensor07→gatewayA;sensor08→gatewayA;sensor09→gatewayA,5116df5a05fbbfe0,97.15289234207866,95.02749502749502,96.28147799482231,9,True,True,True
2024-03,95,85,coverage_only,Feasible,9,sensor01→gatewayA;sensor02→gatewayA;sensor03→gatewayA;sensor04→gatewayA;sensor05→gatewayA;sensor06→gatewayA;sensor07→gatewayA;sensor08→gatewayA;sensor09→gatewayA,5116df5a05fbbfe0,97.15289234207866,95.02749502749502,96.28147799482231,9,True,True,True
2024-03,98,90,exact,Optimal,11,sensor01→gatewayA;sensor02→gatewayA;sensor03→gatewayA;sensor04→gatewayA;sensor05→gatewayA;sensor06→gatewayA;sensor07→gatewayA;sensor08→gatewayA;sensor08→gatewayB;sensor09→gatewayA;sensor09→gatewayB,91d8c74dc49370dc,98.19461444308446,96.11999073430623,98.68241143567433,9,True,True,True
2024-03,98,90,proposed,Feasible,11,sensor01→gatewayA;sensor02→gatewayA;sensor03→gatewayA;sensor04→gatewayA;sensor05→gatewayA;sensor06→gatewayA;sensor07→gatewayA;sensor08→gatewayA;sensor08→gatewayB;sensor09→gatewayA;sensor09→gatewayB,91d8c74dc49370dc,98.19461444308446,96.11999073430623,98.68241143567433,9,True,True,True
2024-03,98,90,multicover,Feasible,11,sensor01→gatewayA;sensor02→gatewayA;sensor02→gatewayC;sensor03→gatewayA;sensor04→gatewayA;sensor05→gatewayA;sensor06→gatewayA;sensor07→gatewayA;sensor08→gatewayA;sensor08→gatewayB;sensor09→gatewayA,ce4a3ca4dad5360b,98.1640146878825,95.73250685421385,98.68241143567433,9,True,True,True
2024-03,98,90,coverage_only,Feasible,11,sensor01→gatewayA;sensor02→gatewayA;sensor03→gatewayA;sensor04→gatewayA;sensor05→gatewayA;sensor06→gatewayA;sensor07→gatewayA;sensor08→gatewayA;sensor08→gatewayB;sensor09→gatewayA;sensor09→gatewayB,91d8c74dc49370dc,98.19461444308446,96.11999073430623,98.68241143567433,9,True,True,True
2024-04,90,80,exact,Optimal,9,sensor01→gatewayA;sensor02→gatewayC;sensor03→gatewayA;sensor04→gatewayA;sensor05→gatewayA;sensor06→gatewayA;sensor07→gatewayA;sensor08→gatewayA;sensor09→gatewayA,a3ace494bf9be893,93.60929651510814,86.56627226006933,94.47077409162718,9,True,True,True
2024-04,90,80,proposed,Feasible,9,sensor01→gatewayA;sensor02→gatewayC;sensor03→gatewayA;sensor04→gatewayA;sensor05→gatewayA;sensor06→gatewayA;sensor07→gatewayA;sensor08→gatewayA;sensor09→gatewayA,a3ace494bf9be893,93.60929651510814,86.56627226006933,94.47077409162718,9,True,True,True
2024-04,90,80,multicover,Feasible,9,sensor01→gatewayA;sensor02→gatewayC;sensor03→gatewayA;sensor04→gatewayA;sensor05→gatewayA;sensor06→gatewayA;sensor07→gatewayA;sensor08→gatewayA;sensor09→gatewayA,a3ace494bf9be893,93.60929651510814,86.56627226006933,94.47077409162718,9,True,True,True
2024-04,90,80,coverage_only,Feasible,9,sensor01→gatewayA;sensor02→gatewayC;sensor03→gatewayA;sensor04→gatewayA;sensor05→gatewayA;sensor06→gatewayA;sensor07→gatewayA;sensor08→gatewayA;sensor09→gatewayA,a3ace494bf9be893,93.60929651510814,86.56627226006933,94.47077409162718,9,True,True,True
2024-04,95,85,exact,Optimal,10,sensor01→gatewayA;sensor02→gatewayC;sensor03→gatewayA;sensor04→gatewayA;sensor04→gatewayC;sensor05→gatewayA;sensor06→gatewayA;sensor07→gatewayA;sensor08→gatewayA;sensor09→gatewayA,947350bea811764a,95.0680581943107,89.76021405783678,95.0222882615156,9,True,True,True
2024-04,95,85,proposed,Feasible,10,sensor01→gatewayA;sensor02→gatewayC;sensor03→gatewayA;sensor04→gatewayA;sensor04→gatewayC;sensor05→gatewayA;sensor06→gatewayA;sensor07→gatewayA;sensor08→gatewayA;sensor09→gatewayA,947350bea811764a,95.0680581943107,89.76021405783678,95.0222882615156,9,True,True,True
2024-04,95,85,multicover,Feasible,10,sensor01→gatewayA;sensor02→gatewayC;sensor03→gatewayA;sensor04→gatewayA;sensor04→gatewayC;sensor05→gatewayA;sensor06→gatewayA;sensor07→gatewayA;sensor08→gatewayA;sensor09→gatewayA,947350bea811764a,95.0680581943107,89.76021405783678,95.0222882615156,9,True,True,True
2024-04,95,85,coverage_only,Feasible,10,sensor01→gatewayA;sensor02→gatewayC;sensor03→gatewayA;sensor04→gatewayA;sensor04→gatewayC;sensor05→gatewayA;sensor06→gatewayA;sensor07→gatewayA;sensor08→gatewayA;sensor09→gatewayA,947350bea811764a,95.0680581943107,89.76021405783678,95.0222882615156,9,True,True,True
2024-04,98,90,exact,Optimal,14,sensor01→gatewayA;sensor01→gatewayC;sensor02→gatewayA;sensor02→gatewayC;sensor03→gatewayA;sensor03→gatewayC;sensor04→gatewayA;sensor04→gatewayC;sensor05→gatewayA;sensor06→gatewayA;sensor07→gatewayA;sensor08→gatewayA;sensor08→gatewayB;sensor09→gatewayA,41373d6960c195b8,98.50089789969549,95.0222882615156,99.7769691278319,9,True,True,True
2024-04,98,90,proposed,Feasible,14,sensor01→gatewayA;sensor01→gatewayC;sensor02→gatewayA;sensor02→gatewayC;sensor03→gatewayA;sensor03→gatewayC;sensor04→gatewayA;sensor04→gatewayC;sensor05→gatewayA;sensor06→gatewayA;sensor07→gatewayA;sensor08→gatewayA;sensor08→gatewayB;sensor09→gatewayA,41373d6960c195b8,98.50089789969549,95.0222882615156,99.7769691278319,9,True,True,True
2024-04,98,90,multicover,Feasible,14,sensor01→gatewayA;sensor01→gatewayC;sensor02→gatewayA;sensor02→gatewayC;sensor03→gatewayA;sensor03→gatewayC;sensor04→gatewayA;sensor04→gatewayC;sensor05→gatewayA;sensor06→gatewayA;sensor07→gatewayA;sensor08→gatewayA;sensor08→gatewayB;sensor09→gatewayA,41373d6960c195b8,98.50089789969549,95.0222882615156,99.7769691278319,9,True,True,True
2024-04,98,90,coverage_only,Feasible,14,sensor01→gatewayA;sensor01→gatewayC;sensor02→gatewayA;sensor02→gatewayC;sensor03→gatewayA;sensor03→gatewayC;sensor04→gatewayA;sensor04→gatewayC;sensor05→gatewayA;sensor06→gatewayA;sensor07→gatewayA;sensor08→gatewayA;sensor08→gatewayB;sensor09→gatewayA,41373d6960c195b8,98.50089789969549,95.0222882615156,99.7769691278319,9,True,True,True
2024-05,90,80,exact,Optimal,9,sensor01→gatewayA;sensor02→gatewayC;sensor03→gatewayC;sensor04→gatewayC;sensor05→gatewayC;sensor06→gatewayA;sensor07→gatewayC;sensor08→gatewayA;sensor09→gatewayA,97c48b93a4fc4650,96.64622341023495,90.36767297075062,97.35151583455426,9,True,True,True
2024-05,90,80,proposed,Feasible,9,sensor01→gatewayA;sensor02→gatewayC;sensor03→gatewayC;sensor04→gatewayC;sensor05→gatewayC;sensor06→gatewayA;sensor07→gatewayC;sensor08→gatewayA;sensor09→gatewayA,97c48b93a4fc4650,96.64622341023495,90.36767297075062,97.35151583455426,9,True,True,True
2024-05,90,80,multicover,Feasible,9,sensor01→gatewayA;sensor02→gatewayC;sensor03→gatewayC;sensor04→gatewayC;sensor05→gatewayC;sensor06→gatewayA;sensor07→gatewayC;sensor08→gatewayA;sensor09→gatewayA,97c48b93a4fc4650,96.64622341023495,90.36767297075062,97.35151583455426,9,True,True,True
2024-05,90,80,coverage_only,Feasible,9,sensor01→gatewayA;sensor02→gatewayC;sensor03→gatewayC;sensor04→gatewayC;sensor05→gatewayC;sensor06→gatewayA;sensor07→gatewayC;sensor08→gatewayA;sensor09→gatewayA,97c48b93a4fc4650,96.64622341023495,90.36767297075062,97.35151583455426,9,True,True,True
2024-05,95,85,exact,Optimal,9,sensor01→gatewayA;sensor02→gatewayC;sensor03→gatewayC;sensor04→gatewayC;sensor05→gatewayC;sensor06→gatewayA;sensor07→gatewayC;sensor08→gatewayA;sensor09→gatewayA,97c48b93a4fc4650,96.64622341023495,90.36767297075062,97.35151583455426,9,True,True,True
2024-05,95,85,proposed,Feasible,9,sensor01→gatewayA;sensor02→gatewayC;sensor03→gatewayC;sensor04→gatewayC;sensor05→gatewayC;sensor06→gatewayA;sensor07→gatewayC;sensor08→gatewayA;sensor09→gatewayA,97c48b93a4fc4650,96.64622341023495,90.36767297075062,97.35151583455426,9,True,True,True
2024-05,95,85,multicover,Feasible,9,sensor01→gatewayA;sensor02→gatewayC;sensor03→gatewayC;sensor04→gatewayC;sensor05→gatewayC;sensor06→gatewayA;sensor07→gatewayC;sensor08→gatewayA;sensor09→gatewayA,97c48b93a4fc4650,96.64622341023495,90.36767297075062,97.35151583455426,9,True,True,True
2024-05,95,85,coverage_only,Feasible,9,sensor01→gatewayA;sensor02→gatewayC;sensor03→gatewayC;sensor04→gatewayC;sensor05→gatewayC;sensor06→gatewayA;sensor07→gatewayC;sensor08→gatewayA;sensor09→gatewayA,97c48b93a4fc4650,96.64622341023495,90.36767297075062,97.35151583455426,9,True,True,True
2024-05,98,90,exact,Optimal,11,sensor01→gatewayA;sensor01→gatewayC;sensor02→gatewayC;sensor03→gatewayC;sensor04→gatewayC;sensor05→gatewayC;sensor06→gatewayA;sensor07→gatewayC;sensor08→gatewayA;sensor08→gatewayB;sensor09→gatewayA,0c19051bc9488d92,98.51484530159007,95.19770636722016,99.26851226648661,9,True,True,True
2024-05,98,90,proposed,Feasible,11,sensor01→gatewayA;sensor01→gatewayC;sensor02→gatewayC;sensor03→gatewayC;sensor04→gatewayC;sensor05→gatewayC;sensor06→gatewayA;sensor07→gatewayC;sensor08→gatewayA;sensor08→gatewayB;sensor09→gatewayA,0c19051bc9488d92,98.51484530159007,95.19770636722016,99.26851226648661,9,True,True,True
2024-05,98,90,multicover,Feasible,11,sensor01→gatewayA;sensor01→gatewayC;sensor02→gatewayC;sensor03→gatewayC;sensor04→gatewayC;sensor05→gatewayC;sensor06→gatewayA;sensor07→gatewayC;sensor08→gatewayA;sensor08→gatewayB;sensor09→gatewayA,0c19051bc9488d92,98.51484530159007,95.19770636722016,99.26851226648661,9,True,True,True
2024-05,98,90,coverage_only,Feasible,11,sensor01→gatewayA;sensor01→gatewayC;sensor02→gatewayC;sensor03→gatewayC;sensor04→gatewayC;sensor05→gatewayC;sensor06→gatewayA;sensor07→gatewayC;sensor08→gatewayA;sensor08→gatewayB;sensor09→gatewayA,0c19051bc9488d92,98.51484530159007,95.19770636722016,99.26851226648661,9,True,True,True
2024-06,90,80,exact,Optimal,9,sensor01→gatewayA;sensor02→gatewayC;sensor03→gatewayC;sensor04→gatewayC;sensor05→gatewayA;sensor06→gatewayA;sensor07→gatewayA;sensor08→gatewayA;sensor09→gatewayA,2d610032a3e50ee7,96.73732981311798,88.48433530906011,98.22244794311834,9,True,True,True
2024-06,90,80,proposed,Feasible,9,sensor01→gatewayA;sensor02→gatewayC;sensor03→gatewayC;sensor04→gatewayC;sensor05→gatewayA;sensor06→gatewayA;sensor07→gatewayA;sensor08→gatewayA;sensor09→gatewayA,2d610032a3e50ee7,96.73732981311798,88.48433530906011,98.22244794311834,9,True,True,True
2024-06,90,80,multicover,Feasible,9,sensor01→gatewayA;sensor02→gatewayC;sensor03→gatewayC;sensor04→gatewayC;sensor05→gatewayA;sensor06→gatewayA;sensor07→gatewayA;sensor08→gatewayA;sensor09→gatewayA,2d610032a3e50ee7,96.73732981311798,88.48433530906011,98.22244794311834,9,True,True,True
2024-06,90,80,coverage_only,Feasible,9,sensor01→gatewayA;sensor02→gatewayC;sensor03→gatewayC;sensor04→gatewayC;sensor05→gatewayA;sensor06→gatewayA;sensor07→gatewayA;sensor08→gatewayA;sensor09→gatewayA,2d610032a3e50ee7,96.73732981311798,88.48433530906011,98.22244794311834,9,True,True,True
2024-06,95,85,exact,Optimal,9,sensor01→gatewayA;sensor02→gatewayC;sensor03→gatewayC;sensor04→gatewayC;sensor05→gatewayA;sensor06→gatewayA;sensor07→gatewayA;sensor08→gatewayA;sensor09→gatewayA,2d610032a3e50ee7,96.73732981311798,88.48433530906011,98.22244794311834,9,True,True,True
2024-06,95,85,proposed,Feasible,9,sensor01→gatewayA;sensor02→gatewayC;sensor03→gatewayC;sensor04→gatewayC;sensor05→gatewayA;sensor06→gatewayA;sensor07→gatewayA;sensor08→gatewayA;sensor09→gatewayA,2d610032a3e50ee7,96.73732981311798,88.48433530906011,98.22244794311834,9,True,True,True
2024-06,95,85,multicover,Feasible,9,sensor01→gatewayA;sensor02→gatewayC;sensor03→gatewayC;sensor04→gatewayC;sensor05→gatewayA;sensor06→gatewayA;sensor07→gatewayA;sensor08→gatewayA;sensor09→gatewayA,2d610032a3e50ee7,96.73732981311798,88.48433530906011,98.22244794311834,9,True,True,True
2024-06,95,85,coverage_only,Feasible,9,sensor01→gatewayA;sensor02→gatewayC;sensor03→gatewayC;sensor04→gatewayC;sensor05→gatewayA;sensor06→gatewayA;sensor07→gatewayA;sensor08→gatewayA;sensor09→gatewayA,2d610032a3e50ee7,96.73732981311798,88.48433530906011,98.22244794311834,9,True,True,True
2024-06,98,90,exact,Optimal,11,sensor01→gatewayA;sensor01→gatewayC;sensor02→gatewayC;sensor03→gatewayC;sensor04→gatewayC;sensor05→gatewayA;sensor06→gatewayA;sensor07→gatewayA;sensor08→gatewayA;sensor08→gatewayB;sensor09→gatewayA,eab7e0605c2ef02e,98.70062639126158,96.0455919981391,98.75812441968431,9,True,True,True
2024-06,98,90,proposed,Feasible,11,sensor01→gatewayA;sensor01→gatewayC;sensor02→gatewayC;sensor03→gatewayC;sensor04→gatewayC;sensor05→gatewayA;sensor06→gatewayA;sensor07→gatewayA;sensor08→gatewayA;sensor08→gatewayB;sensor09→gatewayA,eab7e0605c2ef02e,98.70062639126158,96.0455919981391,98.75812441968431,9,True,True,True
2024-06,98,90,multicover,Feasible,11,sensor01→gatewayA;sensor01→gatewayC;sensor02→gatewayA;sensor02→gatewayC;sensor03→gatewayC;sensor04→gatewayC;sensor05→gatewayA;sensor06→gatewayA;sensor07→gatewayA;sensor08→gatewayA;sensor09→gatewayA,2222a3c912793d0d,98.04058601232076,92.93028994447872,98.5055458260362,9,True,True,True
2024-06,98,90,coverage_only,Feasible,11,sensor01→gatewayA;sensor01→gatewayC;sensor02→gatewayC;sensor03→gatewayC;sensor04→gatewayC;sensor05→gatewayA;sensor06→gatewayA;sensor07→gatewayA;sensor08→gatewayA;sensor08→gatewayB;sensor09→gatewayA,eab7e0605c2ef02e,98.70062639126158,96.0455919981391,98.75812441968431,9,True,True,True
2024-07,90,80,exact,Optimal,9,sensor01→gatewayC;sensor02→gatewayC;sensor03→gatewayC;sensor04→gatewayC;sensor05→gatewayA;sensor06→gatewayC;sensor07→gatewayC;sensor08→gatewayA;sensor09→gatewayA,6cde103f9014589e,96.2948142405182,88.28495431941714,98.55639833618791,9,True,True,True
2024-07,90,80,proposed,Feasible,9,sensor01→gatewayC;sensor02→gatewayC;sensor03→gatewayC;sensor04→gatewayC;sensor05→gatewayA;sensor06→gatewayC;sensor07→gatewayC;sensor08→gatewayA;sensor09→gatewayA,6cde103f9014589e,96.2948142405182,88.28495431941714,98.55639833618791,9,True,True,True
2024-07,90,80,multicover,Feasible,9,sensor01→gatewayA;sensor02→gatewayC;sensor03→gatewayC;sensor04→gatewayC;sensor05→gatewayA;sensor06→gatewayC;sensor07→gatewayC;sensor08→gatewayA;sensor09→gatewayA,6d4d30ee26226959,96.01095424476985,85.65976639296866,98.55639833618791,9,True,True,True
2024-07,90,80,coverage_only,Feasible,9,sensor01→gatewayC;sensor02→gatewayC;sensor03→gatewayC;sensor04→gatewayC;sensor05→gatewayA;sensor06→gatewayC;sensor07→gatewayC;sensor08→gatewayA;sensor09→gatewayA,6cde103f9014589e,96.2948142405182,88.28495431941714,98.55639833618791,9,True,True,True
2024-07,95,85,exact,Optimal,9,sensor01→gatewayC;sensor02→gatewayC;sensor03→gatewayC;sensor04→gatewayC;sensor05→gatewayA;sensor06→gatewayC;sensor07→gatewayC;sensor08→gatewayA;sensor09→gatewayA,6cde103f9014589e,96.2948142405182,88.28495431941714,98.55639833618791,9,True,True,True
2024-07,95,85,proposed,Feasible,9,sensor01→gatewayC;sensor02→gatewayC;sensor03→gatewayC;sensor04→gatewayC;sensor05→gatewayA;sensor06→gatewayC;sensor07→gatewayC;sensor08→gatewayA;sensor09→gatewayA,6cde103f9014589e,96.2948142405182,88.28495431941714,98.55639833618791,9,True,True,True
2024-07,95,85,multicover,Feasible,9,sensor01→gatewayA;sensor02→gatewayC;sensor03→gatewayC;sensor04→gatewayC;sensor05→gatewayA;sensor06→gatewayC;sensor07→gatewayC;sensor08→gatewayA;sensor09→gatewayA,6d4d30ee26226959,96.01095424476985,85.65976639296866,98.55639833618791,9,True,True,True
2024-07,95,85,coverage_only,Feasible,9,sensor01→gatewayC;sensor02→gatewayC;sensor03→gatewayC;sensor04→gatewayC;sensor05→gatewayA;sensor06→gatewayC;sensor07→gatewayC;sensor08→gatewayA;sensor09→gatewayA,6cde103f9014589e,96.2948142405182,88.28495431941714,98.55639833618791,9,True,True,True
2024-07,98,90,exact,Optimal,11,sensor01→gatewayA;sensor01→gatewayC;sensor02→gatewayC;sensor03→gatewayC;sensor04→gatewayA;sensor04→gatewayC;sensor05→gatewayA;sensor06→gatewayC;sensor07→gatewayC;sensor08→gatewayA;sensor09→gatewayA,4302cf2a66209441,98.4606535032325,92.29498525073747,99.09121507909795,9,True,True,True
2024-07,98,90,proposed,Feasible,11,sensor01→gatewayA;sensor01→gatewayC;sensor02→gatewayC;sensor03→gatewayC;sensor04→gatewayA;sensor04→gatewayC;sensor05→gatewayA;sensor06→gatewayC;sensor07→gatewayC;sensor08→gatewayA;sensor09→gatewayA,4302cf2a66209441,98.4606535032325,92.29498525073747,99.09121507909795,9,True,True,True
2024-07,98,90,multicover,Feasible,11,sensor01→gatewayA;sensor01→gatewayC;sensor02→gatewayC;sensor03→gatewayC;sensor04→gatewayA;sensor04→gatewayC;sensor05→gatewayA;sensor06→gatewayC;sensor07→gatewayC;sensor08→gatewayA;sensor09→gatewayA,4302cf2a66209441,98.4606535032325,92.29498525073747,99.09121507909795,9,True,True,True
2024-07,98,90,coverage_only,Feasible,11,sensor01→gatewayA;sensor01→gatewayC;sensor02→gatewayC;sensor03→gatewayC;sensor04→gatewayA;sensor04→gatewayC;sensor05→gatewayA;sensor06→gatewayC;sensor07→gatewayC;sensor08→gatewayA;sensor09→gatewayA,4302cf2a66209441,98.4606535032325,92.29498525073747,99.09121507909795,9,True,True,True
2024-08,90,80,exact,Optimal,9,sensor01→gatewayA;sensor02→gatewayC;sensor03→gatewayC;sensor04→gatewayA;sensor05→gatewayA;sensor06→gatewayA;sensor07→gatewayC;sensor08→gatewayA;sensor09→gatewayA,6d0e4a795f1bf86d,95.83061194567,89.02635160212792,97.70773638968481,9,True,True,True
2024-08,90,80,proposed,Feasible,9,sensor01→gatewayA;sensor02→gatewayC;sensor03→gatewayC;sensor04→gatewayA;sensor05→gatewayA;sensor06→gatewayA;sensor07→gatewayC;sensor08→gatewayA;sensor09→gatewayA,6d0e4a795f1bf86d,95.83061194567,89.02635160212792,97.70773638968481,9,True,True,True
2024-08,90,80,multicover,Feasible,9,sensor01→gatewayA;sensor02→gatewayC;sensor03→gatewayC;sensor04→gatewayA;sensor05→gatewayA;sensor06→gatewayA;sensor07→gatewayC;sensor08→gatewayA;sensor09→gatewayA,6d0e4a795f1bf86d,95.83061194567,89.02635160212792,97.70773638968481,9,True,True,True
2024-08,90,80,coverage_only,Feasible,9,sensor01→gatewayA;sensor02→gatewayC;sensor03→gatewayC;sensor04→gatewayA;sensor05→gatewayA;sensor06→gatewayA;sensor07→gatewayC;sensor08→gatewayA;sensor09→gatewayA,6d0e4a795f1bf86d,95.83061194567,89.02635160212792,97.70773638968481,9,True,True,True
2024-08,95,85,exact,Optimal,9,sensor01→gatewayA;sensor02→gatewayC;sensor03→gatewayC;sensor04→gatewayA;sensor05→gatewayA;sensor06→gatewayA;sensor07→gatewayC;sensor08→gatewayA;sensor09→gatewayA,6d0e4a795f1bf86d,95.83061194567,89.02635160212792,97.70773638968481,9,True,True,True
2024-08,95,85,proposed,Feasible,9,sensor01→gatewayA;sensor02→gatewayC;sensor03→gatewayC;sensor04→gatewayA;sensor05→gatewayA;sensor06→gatewayA;sensor07→gatewayC;sensor08→gatewayA;sensor09→gatewayA,6d0e4a795f1bf86d,95.83061194567,89.02635160212792,97.70773638968481,9,True,True,True
2024-08,95,85,multicover,Feasible,9,sensor01→gatewayA;sensor02→gatewayC;sensor03→gatewayC;sensor04→gatewayA;sensor05→gatewayA;sensor06→gatewayA;sensor07→gatewayC;sensor08→gatewayA;sensor09→gatewayA,6d0e4a795f1bf86d,95.83061194567,89.02635160212792,97.70773638968481,9,True,True,True
2024-08,95,85,coverage_only,Feasible,9,sensor01→gatewayA;sensor02→gatewayC;sensor03→gatewayC;sensor04→gatewayA;sensor05→gatewayA;sensor06→gatewayA;sensor07→gatewayC;sensor08→gatewayA;sensor09→gatewayA,6d0e4a795f1bf86d,95.83061194567,89.02635160212792,97.70773638968481,9,True,True,True
2024-08,98,90,exact,Optimal,12,sensor01→gatewayA;sensor01→gatewayC;sensor02→gatewayC;sensor03→gatewayC;sensor04→gatewayA;sensor04→gatewayC;sensor05→gatewayA;sensor06→gatewayA;sensor07→gatewayC;sensor08→gatewayA;sensor08→gatewayB;sensor09→gatewayA,cd2c8a168b473a4f,98.83502392599603,96.93706628379995,98.9525056540888,9,True,True,True
2024-08,98,90,proposed,Feasible,12,sensor01→gatewayA;sensor01→gatewayC;sensor02→gatewayC;sensor03→gatewayC;sensor04→gatewayA;sensor04→gatewayC;sensor05→gatewayA;sensor06→gatewayA;sensor07→gatewayC;sensor08→gatewayA;sensor08→gatewayB;sensor09→gatewayA,cd2c8a168b473a4f,98.83502392599603,96.93706628379995,98.9525056540888,9,True,True,True
2024-08,98,90,multicover,Feasible,12,sensor01→gatewayA;sensor01→gatewayC;sensor02→gatewayA;sensor02→gatewayC;sensor03→gatewayC;sensor04→gatewayA;sensor04→gatewayC;sensor05→gatewayA;sensor06→gatewayA;sensor07→gatewayC;sensor08→gatewayA;sensor09→gatewayA,cd7f964ed292494d,98.02327286298868,91.5478615071283,98.4111814598017,9,True,True,True
2024-08,98,90,coverage_only,Feasible,12,sensor01→gatewayA;sensor01→gatewayC;sensor02→gatewayC;sensor03→gatewayC;sensor04→gatewayA;sensor04→gatewayC;sensor05→gatewayA;sensor06→gatewayA;sensor07→gatewayC;sensor08→gatewayA;sensor08→gatewayB;sensor09→gatewayA,cd2c8a168b473a4f,98.83502392599603,96.93706628379995,98.9525056540888,9,True,True,True
2024-09,90,80,exact,Optimal,9,sensor01→gatewayC;sensor02→gatewayC;sensor03→gatewayC;sensor04→gatewayA;sensor05→gatewayC;sensor06→gatewayA;sensor07→gatewayC;sensor08→gatewayA;sensor09→gatewayA,df7247ee941ecdb2,96.44268264339023,88.62289642095283,98.27779857731187,9,True,True,True
2024-09,90,80,proposed,Feasible,9,sensor01→gatewayC;sensor02→gatewayC;sensor03→gatewayC;sensor04→gatewayA;sensor05→gatewayC;sensor06→gatewayA;sensor07→gatewayC;sensor08→gatewayA;sensor09→gatewayA,df7247ee941ecdb2,96.44268264339023,88.62289642095283,98.27779857731187,9,True,True,True
2024-09,90,80,multicover,Feasible,9,sensor01→gatewayA;sensor02→gatewayC;sensor03→gatewayC;sensor04→gatewayA;sensor05→gatewayC;sensor06→gatewayA;sensor07→gatewayC;sensor08→gatewayA;sensor09→gatewayA,61407d81614458de,96.25287296955298,86.88077743541123,98.27779857731187,9,True,True,True
2024-09,90,80,coverage_only,Feasible,9,sensor01→gatewayC;sensor02→gatewayC;sensor03→gatewayC;sensor04→gatewayA;sensor05→gatewayC;sensor06→gatewayA;sensor07→gatewayC;sensor08→gatewayA;sensor09→gatewayA,df7247ee941ecdb2,96.44268264339023,88.62289642095283,98.27779857731187,9,True,True,True
2024-09,95,85,exact,Optimal,9,sensor01→gatewayC;sensor02→gatewayC;sensor03→gatewayC;sensor04→gatewayA;sensor05→gatewayC;sensor06→gatewayA;sensor07→gatewayC;sensor08→gatewayA;sensor09→gatewayA,df7247ee941ecdb2,96.44268264339023,88.62289642095283,98.27779857731187,9,True,True,True
2024-09,95,85,proposed,Feasible,9,sensor01→gatewayC;sensor02→gatewayC;sensor03→gatewayC;sensor04→gatewayA;sensor05→gatewayC;sensor06→gatewayA;sensor07→gatewayC;sensor08→gatewayA;sensor09→gatewayA,df7247ee941ecdb2,96.44268264339023,88.62289642095283,98.27779857731187,9,True,True,True
2024-09,95,85,multicover,Feasible,9,sensor01→gatewayA;sensor02→gatewayC;sensor03→gatewayC;sensor04→gatewayA;sensor05→gatewayC;sensor06→gatewayA;sensor07→gatewayC;sensor08→gatewayA;sensor09→gatewayA,61407d81614458de,96.25287296955298,86.88077743541123,98.27779857731187,9,True,True,True
2024-09,95,85,coverage_only,Feasible,9,sensor01→gatewayC;sensor02→gatewayC;sensor03→gatewayC;sensor04→gatewayA;sensor05→gatewayC;sensor06→gatewayA;sensor07→gatewayC;sensor08→gatewayA;sensor09→gatewayA,df7247ee941ecdb2,96.44268264339023,88.62289642095283,98.27779857731187,9,True,True,True
2024-09,98,90,exact,Optimal,11,sensor01→gatewayA;sensor01→gatewayC;sensor02→gatewayC;sensor03→gatewayC;sensor04→gatewayA;sensor04→gatewayC;sensor05→gatewayC;sensor06→gatewayA;sensor07→gatewayC;sensor08→gatewayA;sensor09→gatewayA,369dafd623176e72,98.54350127831005,92.85714285714286,99.25822902178952,9,True,True,True
2024-09,98,90,proposed,Feasible,11,sensor01→gatewayA;sensor01→gatewayC;sensor02→gatewayC;sensor03→gatewayC;sensor04→gatewayA;sensor04→gatewayC;sensor05→gatewayC;sensor06→gatewayA;sensor07→gatewayC;sensor08→gatewayA;sensor09→gatewayA,369dafd623176e72,98.54350127831005,92.85714285714286,99.25822902178952,9,True,True,True
2024-09,98,90,multicover,Feasible,11,sensor01→gatewayA;sensor01→gatewayC;sensor02→gatewayC;sensor03→gatewayC;sensor04→gatewayA;sensor04→gatewayC;sensor05→gatewayC;sensor06→gatewayA;sensor07→gatewayC;sensor08→gatewayA;sensor09→gatewayA,369dafd623176e72,98.54350127831005,92.85714285714286,99.25822902178952,9,True,True,True
2024-09,98,90,coverage_only,Feasible,11,sensor01→gatewayA;sensor01→gatewayC;sensor02→gatewayC;sensor03→gatewayC;sensor04→gatewayA;sensor04→gatewayC;sensor05→gatewayC;sensor06→gatewayA;sensor07→gatewayC;sensor08→gatewayA;sensor09→gatewayA,369dafd623176e72,98.54350127831005,92.85714285714286,99.25822902178952,9,True,True,True
2024-10,90,80,exact,Optimal,9,sensor01→gatewayA;sensor02→gatewayC;sensor03→gatewayC;sensor04→gatewayC;sensor05→gatewayA;sensor06→gatewayA;sensor07→gatewayC;sensor08→gatewayA;sensor09→gatewayA,47454e12767c9b83,96.94767624283043,91.55524278676988,96.5331094049904,9,True,True,True
2024-10,90,80,proposed,Feasible,9,sensor01→gatewayA;sensor02→gatewayC;sensor03→gatewayC;sensor04→gatewayC;sensor05→gatewayA;sensor06→gatewayA;sensor07→gatewayC;sensor08→gatewayA;sensor09→gatewayA,47454e12767c9b83,96.94767624283043,91.55524278676988,96.5331094049904,9,True,True,True
2024-10,90,80,multicover,Feasible,9,sensor01→gatewayA;sensor02→gatewayC;sensor03→gatewayC;sensor04→gatewayC;sensor05→gatewayA;sensor06→gatewayA;sensor07→gatewayC;sensor08→gatewayA;sensor09→gatewayA,47454e12767c9b83,96.94767624283043,91.55524278676988,96.5331094049904,9,True,True,True
2024-10,90,80,coverage_only,Feasible,9,sensor01→gatewayA;sensor02→gatewayC;sensor03→gatewayC;sensor04→gatewayC;sensor05→gatewayA;sensor06→gatewayA;sensor07→gatewayC;sensor08→gatewayA;sensor09→gatewayA,47454e12767c9b83,96.94767624283043,91.55524278676988,96.5331094049904,9,True,True,True
2024-10,95,85,exact,Optimal,9,sensor01→gatewayA;sensor02→gatewayC;sensor03→gatewayC;sensor04→gatewayC;sensor05→gatewayA;sensor06→gatewayA;sensor07→gatewayC;sensor08→gatewayA;sensor09→gatewayA,47454e12767c9b83,96.94767624283043,91.55524278676988,96.5331094049904,9,True,True,True
2024-10,95,85,proposed,Feasible,9,sensor01→gatewayA;sensor02→gatewayC;sensor03→gatewayC;sensor04→gatewayC;sensor05→gatewayA;sensor06→gatewayA;sensor07→gatewayC;sensor08→gatewayA;sensor09→gatewayA,47454e12767c9b83,96.94767624283043,91.55524278676988,96.5331094049904,9,True,True,True
2024-10,95,85,multicover,Feasible,9,sensor01→gatewayA;sensor02→gatewayC;sensor03→gatewayC;sensor04→gatewayC;sensor05→gatewayA;sensor06→gatewayA;sensor07→gatewayC;sensor08→gatewayA;sensor09→gatewayA,47454e12767c9b83,96.94767624283043,91.55524278676988,96.5331094049904,9,True,True,True
2024-10,95,85,coverage_only,Feasible,9,sensor01→gatewayA;sensor02→gatewayC;sensor03→gatewayC;sensor04→gatewayC;sensor05→gatewayA;sensor06→gatewayA;sensor07→gatewayC;sensor08→gatewayA;sensor09→gatewayA,47454e12767c9b83,96.94767624283043,91.55524278676988,96.5331094049904,9,True,True,True
2024-10,98,90,exact,Optimal,11,sensor01→gatewayA;sensor01→gatewayC;sensor02→gatewayC;sensor03→gatewayC;sensor04→gatewayC;sensor05→gatewayA;sensor06→gatewayA;sensor07→gatewayC;sensor08→gatewayA;sensor09→gatewayA;sensor09→gatewayB,116bbfc59e6bf3dd,98.25796653990487,96.20954967187146,99.22567613062508,9,True,True,True
2024-10,98,90,proposed,Feasible,11,sensor01→gatewayA;sensor01→gatewayC;sensor02→gatewayC;sensor03→gatewayC;sensor04→gatewayC;sensor05→gatewayA;sensor06→gatewayA;sensor07→gatewayC;sensor08→gatewayA;sensor09→gatewayA;sensor09→gatewayB,116bbfc59e6bf3dd,98.25796653990487,96.20954967187146,99.22567613062508,9,True,True,True
2024-10,98,90,multicover,Feasible,11,sensor01→gatewayA;sensor01→gatewayC;sensor02→gatewayC;sensor03→gatewayC;sensor04→gatewayA;sensor04→gatewayC;sensor05→gatewayA;sensor06→gatewayA;sensor07→gatewayC;sensor08→gatewayA;sensor09→gatewayA,0493c480da31771a,98.25796653990487,95.84367245657569,99.22567613062508,9,True,True,True
2024-10,98,90,coverage_only,Feasible,11,sensor01→gatewayA;sensor01→gatewayC;sensor02→gatewayC;sensor03→gatewayC;sensor04→gatewayA;sensor04→gatewayC;sensor05→gatewayA;sensor06→gatewayA;sensor07→gatewayC;sensor08→gatewayA;sensor09→gatewayA,0493c480da31771a,98.25796653990487,95.84367245657569,99.22567613062508,9,True,True,True
2024-11,90,80,exact,Optimal,9,sensor01→gatewayA;sensor02→gatewayC;sensor03→gatewayC;sensor04→gatewayC;sensor05→gatewayA;sensor06→gatewayA;sensor07→gatewayC;sensor08→gatewayA;sensor09→gatewayA,47454e12767c9b83,96.92557686057849,90.53297639328304,97.97257705379117,9,True,True,True
2024-11,90,80,proposed,Feasible,9,sensor01→gatewayA;sensor02→gatewayC;sensor03→gatewayC;sensor04→gatewayC;sensor05→gatewayA;sensor06→gatewayA;sensor07→gatewayC;sensor08→gatewayA;sensor09→gatewayA,47454e12767c9b83,96.92557686057849,90.53297639328304,97.97257705379117,9,True,True,True
2024-11,90,80,multicover,Feasible,9,sensor01→gatewayA;sensor02→gatewayC;sensor03→gatewayC;sensor04→gatewayC;sensor05→gatewayA;sensor06→gatewayA;sensor07→gatewayC;sensor08→gatewayA;sensor09→gatewayA,47454e12767c9b83,96.92557686057849,90.53297639328304,97.97257705379117,9,True,True,True
2024-11,90,80,coverage_only,Feasible,9,sensor01→gatewayA;sensor02→gatewayC;sensor03→gatewayC;sensor04→gatewayC;sensor05→gatewayA;sensor06→gatewayA;sensor07→gatewayC;sensor08→gatewayA;sensor09→gatewayA,47454e12767c9b83,96.92557686057849,90.53297639328304,97.97257705379117,9,True,True,True
2024-11,95,85,exact,Optimal,9,sensor01→gatewayA;sensor02→gatewayC;sensor03→gatewayC;sensor04→gatewayC;sensor05→gatewayA;sensor06→gatewayA;sensor07→gatewayC;sensor08→gatewayA;sensor09→gatewayA,47454e12767c9b83,96.92557686057849,90.53297639328304,97.97257705379117,9,True,True,True
2024-11,95,85,proposed,Feasible,9,sensor01→gatewayA;sensor02→gatewayC;sensor03→gatewayC;sensor04→gatewayC;sensor05→gatewayA;sensor06→gatewayA;sensor07→gatewayC;sensor08→gatewayA;sensor09→gatewayA,47454e12767c9b83,96.92557686057849,90.53297639328304,97.97257705379117,9,True,True,True
2024-11,95,85,multicover,Feasible,9,sensor01→gatewayA;sensor02→gatewayC;sensor03→gatewayC;sensor04→gatewayC;sensor05→gatewayA;sensor06→gatewayA;sensor07→gatewayC;sensor08→gatewayA;sensor09→gatewayA,47454e12767c9b83,96.92557686057849,90.53297639328304,97.97257705379117,9,True,True,True
2024-11,95,85,coverage_only,Feasible,9,sensor01→gatewayA;sensor02→gatewayC;sensor03→gatewayC;sensor04→gatewayC;sensor05→gatewayA;sensor06→gatewayA;sensor07→gatewayC;sensor08→gatewayA;sensor09→gatewayA,47454e12767c9b83,96.92557686057849,90.53297639328304,97.97257705379117,9,True,True,True
2024-11,98,90,exact,Optimal,11,sensor01→gatewayA;sensor01→gatewayC;sensor02→gatewayC;sensor03→gatewayC;sensor04→gatewayC;sensor05→gatewayA;sensor06→gatewayA;sensor07→gatewayC;sensor08→gatewayA;sensor08→gatewayB;sensor09→gatewayA,49b672db7308a770,98.56353591160222,94.5002956830278,99.19655333022823,9,True,True,True
2024-11,98,90,proposed,Feasible,11,sensor01→gatewayA;sensor01→gatewayC;sensor02→gatewayC;sensor03→gatewayC;sensor04→gatewayC;sensor05→gatewayA;sensor06→gatewayA;sensor07→gatewayC;sensor08→gatewayA;sensor08→gatewayB;sensor09→gatewayA,49b672db7308a770,98.56353591160222,94.5002956830278,99.19655333022823,9,True,True,True
2024-11,98,90,multicover,Feasible,11,sensor01→gatewayA;sensor01→gatewayC;sensor02→gatewayC;sensor03→gatewayC;sensor04→gatewayC;sensor05→gatewayA;sensor06→gatewayA;sensor07→gatewayC;sensor08→gatewayA;sensor08→gatewayB;sensor09→gatewayA,49b672db7308a770,98.56353591160222,94.5002956830278,99.19655333022823,9,True,True,True
2024-11,98,90,coverage_only,Feasible,11,sensor01→gatewayA;sensor01→gatewayC;sensor02→gatewayC;sensor03→gatewayC;sensor04→gatewayC;sensor05→gatewayA;sensor06→gatewayA;sensor07→gatewayC;sensor08→gatewayA;sensor08→gatewayB;sensor09→gatewayA,49b672db7308a770,98.56353591160222,94.5002956830278,99.19655333022823,9,True,True,True
2024-12,90,80,exact,Optimal,9,sensor01→gatewayA;sensor02→gatewayC;sensor03→gatewayC;sensor04→gatewayA;sensor05→gatewayA;sensor06→gatewayA;sensor07→gatewayC;sensor08→gatewayA;sensor09→gatewayA,6d0e4a795f1bf86d,97.14623204614283,91.63792078030212,97.65607134690144,9,True,True,True
2024-12,90,80,proposed,Feasible,9,sensor01→gatewayA;sensor02→gatewayC;sensor03→gatewayC;sensor04→gatewayA;sensor05→gatewayA;sensor06→gatewayA;sensor07→gatewayC;sensor08→gatewayA;sensor09→gatewayA,6d0e4a795f1bf86d,97.14623204614283,91.63792078030212,97.65607134690144,9,True,True,True
2024-12,90,80,multicover,Feasible,9,sensor01→gatewayA;sensor02→gatewayC;sensor03→gatewayC;sensor04→gatewayA;sensor05→gatewayA;sensor06→gatewayA;sensor07→gatewayC;sensor08→gatewayA;sensor09→gatewayA,6d0e4a795f1bf86d,97.14623204614283,91.63792078030212,97.65607134690144,9,True,True,True
2024-12,90,80,coverage_only,Feasible,9,sensor01→gatewayA;sensor02→gatewayC;sensor03→gatewayC;sensor04→gatewayA;sensor05→gatewayA;sensor06→gatewayA;sensor07→gatewayC;sensor08→gatewayA;sensor09→gatewayA,6d0e4a795f1bf86d,97.14623204614283,91.63792078030212,97.65607134690144,9,True,True,True
2024-12,95,85,exact,Optimal,9,sensor01→gatewayA;sensor02→gatewayC;sensor03→gatewayC;sensor04→gatewayA;sensor05→gatewayA;sensor06→gatewayA;sensor07→gatewayC;sensor08→gatewayA;sensor09→gatewayA,6d0e4a795f1bf86d,97.14623204614283,91.63792078030212,97.65607134690144,9,True,True,True
2024-12,95,85,proposed,Feasible,9,sensor01→gatewayA;sensor02→gatewayC;sensor03→gatewayC;sensor04→gatewayA;sensor05→gatewayA;sensor06→gatewayA;sensor07→gatewayC;sensor08→gatewayA;sensor09→gatewayA,6d0e4a795f1bf86d,97.14623204614283,91.63792078030212,97.65607134690144,9,True,True,True
2024-12,95,85,multicover,Feasible,9,sensor01→gatewayA;sensor02→gatewayC;sensor03→gatewayC;sensor04→gatewayA;sensor05→gatewayA;sensor06→gatewayA;sensor07→gatewayC;sensor08→gatewayA;sensor09→gatewayA,6d0e4a795f1bf86d,97.14623204614283,91.63792078030212,97.65607134690144,9,True,True,True
2024-12,95,85,coverage_only,Feasible,9,sensor01→gatewayA;sensor02→gatewayC;sensor03→gatewayC;sensor04→gatewayA;sensor05→gatewayA;sensor06→gatewayA;sensor07→gatewayC;sensor08→gatewayA;sensor09→gatewayA,6d0e4a795f1bf86d,97.14623204614283,91.63792078030212,97.65607134690144,9,True,True,True
2024-12,98,90,exact,Optimal,10,sensor01→gatewayA;sensor02→gatewayC;sensor03→gatewayC;sensor04→gatewayA;sensor05→gatewayA;sensor06→gatewayA;sensor07→gatewayC;sensor08→gatewayA;sensor08→gatewayB;sensor09→gatewayA,2adfdcc54660abe9,98.02963093278377,94.0926777502653,98.94357743097238,9,True,True,True
2024-12,98,90,proposed,Feasible,10,sensor01→gatewayA;sensor02→gatewayC;sensor03→gatewayC;sensor04→gatewayA;sensor05→gatewayA;sensor06→gatewayA;sensor07→gatewayC;sensor08→gatewayA;sensor08→gatewayB;sensor09→gatewayA,2adfdcc54660abe9,98.02963093278377,94.0926777502653,98.94357743097238,9,True,True,True
2024-12,98,90,multicover,Feasible,10,sensor01→gatewayA;sensor02→gatewayC;sensor03→gatewayC;sensor04→gatewayA;sensor05→gatewayA;sensor06→gatewayA;sensor07→gatewayC;sensor08→gatewayA;sensor08→gatewayB;sensor09→gatewayA,2adfdcc54660abe9,98.02963093278377,94.0926777502653,98.94357743097238,9,True,True,True
2024-12,98,90,coverage_only,Feasible,10,sensor01→gatewayA;sensor02→gatewayC;sensor03→gatewayC;sensor04→gatewayA;sensor05→gatewayA;sensor06→gatewayA;sensor07→gatewayC;sensor08→gatewayA;sensor08→gatewayB;sensor09→gatewayA,2adfdcc54660abe9,98.02963093278377,94.0926777502653,98.94357743097238,9,True,True,True
2025-01,90,80,exact,Optimal,9,sensor01→gatewayA;sensor02→gatewayC;sensor03→gatewayC;sensor04→gatewayC;sensor05→gatewayA;sensor06→gatewayA;sensor07→gatewayA;sensor08→gatewayA;sensor09→gatewayA,2d610032a3e50ee7,95.83584110743304,89.95226452439167,97.50337381916329,9,True,True,True
2025-01,90,80,proposed,Feasible,9,sensor01→gatewayA;sensor02→gatewayC;sensor03→gatewayC;sensor04→gatewayC;sensor05→gatewayA;sensor06→gatewayA;sensor07→gatewayA;sensor08→gatewayA;sensor09→gatewayA,2d610032a3e50ee7,95.83584110743304,89.95226452439167,97.50337381916329,9,True,True,True
2025-01,90,80,multicover,Feasible,9,sensor01→gatewayA;sensor02→gatewayC;sensor03→gatewayC;sensor04→gatewayC;sensor05→gatewayA;sensor06→gatewayA;sensor07→gatewayA;sensor08→gatewayA;sensor09→gatewayA,2d610032a3e50ee7,95.83584110743304,89.95226452439167,97.50337381916329,9,True,True,True
2025-01,90,80,coverage_only,Feasible,9,sensor01→gatewayA;sensor02→gatewayC;sensor03→gatewayC;sensor04→gatewayC;sensor05→gatewayA;sensor06→gatewayA;sensor07→gatewayA;sensor08→gatewayA;sensor09→gatewayA,2d610032a3e50ee7,95.83584110743304,89.95226452439167,97.50337381916329,9,True,True,True
2025-01,95,85,exact,Optimal,9,sensor01→gatewayA;sensor02→gatewayC;sensor03→gatewayC;sensor04→gatewayC;sensor05→gatewayA;sensor06→gatewayA;sensor07→gatewayA;sensor08→gatewayA;sensor09→gatewayA,2d610032a3e50ee7,95.83584110743304,89.95226452439167,97.50337381916329,9,True,True,True
2025-01,95,85,proposed,Feasible,9,sensor01→gatewayA;sensor02→gatewayC;sensor03→gatewayC;sensor04→gatewayC;sensor05→gatewayA;sensor06→gatewayA;sensor07→gatewayA;sensor08→gatewayA;sensor09→gatewayA,2d610032a3e50ee7,95.83584110743304,89.95226452439167,97.50337381916329,9,True,True,True
2025-01,95,85,multicover,Feasible,9,sensor01→gatewayA;sensor02→gatewayC;sensor03→gatewayC;sensor04→gatewayC;sensor05→gatewayA;sensor06→gatewayA;sensor07→gatewayA;sensor08→gatewayA;sensor09→gatewayA,2d610032a3e50ee7,95.83584110743304,89.95226452439167,97.50337381916329,9,True,True,True
2025-01,95,85,coverage_only,Feasible,9,sensor01→gatewayA;sensor02→gatewayC;sensor03→gatewayC;sensor04→gatewayC;sensor05→gatewayA;sensor06→gatewayA;sensor07→gatewayA;sensor08→gatewayA;sensor09→gatewayA,2d610032a3e50ee7,95.83584110743304,89.95226452439167,97.50337381916329,9,True,True,True
2025-01,98,90,exact,Optimal,12,sensor01→gatewayA;sensor01→gatewayC;sensor02→gatewayC;sensor03→gatewayC;sensor04→gatewayA;sensor04→gatewayC;sensor05→gatewayA;sensor06→gatewayA;sensor07→gatewayA;sensor08→gatewayA;sensor08→gatewayB;sensor09→gatewayA,bad09bf65c2cefba,98.6094392617113,92.97685554668794,99.71145522746946,9,True,True,True
2025-01,98,90,proposed,Feasible,12,sensor01→gatewayA;sensor01→gatewayC;sensor02→gatewayC;sensor03→gatewayC;sensor04→gatewayA;sensor04→gatewayC;sensor05→gatewayA;sensor06→gatewayA;sensor07→gatewayA;sensor08→gatewayA;sensor08→gatewayB;sensor09→gatewayA,bad09bf65c2cefba,98.6094392617113,92.97685554668794,99.71145522746946,9,True,True,True
2025-01,98,90,multicover,Feasible,12,sensor01→gatewayA;sensor01→gatewayC;sensor02→gatewayC;sensor03→gatewayC;sensor04→gatewayA;sensor04→gatewayC;sensor05→gatewayA;sensor05→gatewayC;sensor06→gatewayA;sensor07→gatewayA;sensor08→gatewayA;sensor09→gatewayA,a129a57a9d246b14,98.04769786337647,91.83225649152749,99.71145522746946,9,True,True,True
2025-01,98,90,coverage_only,Feasible,12,sensor01→gatewayA;sensor01→gatewayC;sensor02→gatewayC;sensor03→gatewayC;sensor04→gatewayA;sensor04→gatewayC;sensor05→gatewayA;sensor06→gatewayA;sensor07→gatewayA;sensor08→gatewayA;sensor08→gatewayB;sensor09→gatewayA,bad09bf65c2cefba,98.6094392617113,92.97685554668794,99.71145522746946,9,True,True,True
2025-02,90,80,exact,Optimal,9,sensor01→gatewayA;sensor02→gatewayC;sensor03→gatewayC;sensor04→gatewayA;sensor05→gatewayC;sensor06→gatewayA;sensor07→gatewayA;sensor08→gatewayA;sensor09→gatewayA,823aa75312ac599f,95.81307401404646,89.51121675828257,97.6004799040192,9,True,True,True
2025-02,90,80,proposed,Feasible,9,sensor01→gatewayA;sensor02→gatewayC;sensor03→gatewayC;sensor04→gatewayA;sensor05→gatewayC;sensor06→gatewayA;sensor07→gatewayA;sensor08→gatewayA;sensor09→gatewayA,823aa75312ac599f,95.81307401404646,89.51121675828257,97.6004799040192,9,True,True,True
2025-02,90,80,multicover,Feasible,9,sensor01→gatewayA;sensor02→gatewayC;sensor03→gatewayC;sensor04→gatewayA;sensor05→gatewayC;sensor06→gatewayA;sensor07→gatewayA;sensor08→gatewayA;sensor09→gatewayA,823aa75312ac599f,95.81307401404646,89.51121675828257,97.6004799040192,9,True,True,True
2025-02,90,80,coverage_only,Feasible,9,sensor01→gatewayA;sensor02→gatewayC;sensor03→gatewayC;sensor04→gatewayA;sensor05→gatewayC;sensor06→gatewayA;sensor07→gatewayA;sensor08→gatewayA;sensor09→gatewayA,823aa75312ac599f,95.81307401404646,89.51121675828257,97.6004799040192,9,True,True,True
2025-02,95,85,exact,Optimal,9,sensor01→gatewayA;sensor02→gatewayC;sensor03→gatewayC;sensor04→gatewayA;sensor05→gatewayC;sensor06→gatewayA;sensor07→gatewayA;sensor08→gatewayA;sensor09→gatewayA,823aa75312ac599f,95.81307401404646,89.51121675828257,97.6004799040192,9,True,True,True
2025-02,95,85,proposed,Feasible,9,sensor01→gatewayA;sensor02→gatewayC;sensor03→gatewayC;sensor04→gatewayA;sensor05→gatewayC;sensor06→gatewayA;sensor07→gatewayA;sensor08→gatewayA;sensor09→gatewayA,823aa75312ac599f,95.81307401404646,89.51121675828257,97.6004799040192,9,True,True,True
2025-02,95,85,multicover,Feasible,9,sensor01→gatewayA;sensor02→gatewayC;sensor03→gatewayC;sensor04→gatewayA;sensor05→gatewayC;sensor06→gatewayA;sensor07→gatewayA;sensor08→gatewayA;sensor09→gatewayA,823aa75312ac599f,95.81307401404646,89.51121675828257,97.6004799040192,9,True,True,True
2025-02,95,85,coverage_only,Feasible,9,sensor01→gatewayA;sensor02→gatewayC;sensor03→gatewayC;sensor04→gatewayA;sensor05→gatewayC;sensor06→gatewayA;sensor07→gatewayA;sensor08→gatewayA;sensor09→gatewayA,823aa75312ac599f,95.81307401404646,89.51121675828257,97.6004799040192,9,True,True,True
2025-02,98,90,exact,Optimal,12,sensor01→gatewayA;sensor01→gatewayC;sensor02→gatewayC;sensor03→gatewayC;sensor04→gatewayA;sensor04→gatewayC;sensor05→gatewayC;sensor06→gatewayA;sensor07→gatewayA;sensor07→gatewayC;sensor08→gatewayA;sensor09→gatewayA,6ac371b889d7d8c1,98.7256490927003,93.20178819176814,99.73307449648144,9,True,True,True
2025-02,98,90,proposed,Feasible,12,sensor01→gatewayA;sensor01→gatewayC;sensor02→gatewayC;sensor03→gatewayC;sensor04→gatewayA;sensor04→gatewayC;sensor05→gatewayC;sensor06→gatewayA;sensor07→gatewayA;sensor07→gatewayC;sensor08→gatewayA;sensor09→gatewayA,6ac371b889d7d8c1,98.7256490927003,93.20178819176814,99.73307449648144,9,True,True,True
2025-02,98,90,multicover,Feasible,12,sensor01→gatewayA;sensor01→gatewayC;sensor02→gatewayC;sensor03→gatewayC;sensor04→gatewayA;sensor04→gatewayC;sensor05→gatewayA;sensor05→gatewayC;sensor06→gatewayA;sensor07→gatewayA;sensor08→gatewayA;sensor09→gatewayA,a129a57a9d246b14,98.04398258493025,92.07157404713413,99.73307449648144,9,True,True,True
2025-02,98,90,coverage_only,Feasible,12,sensor01→gatewayA;sensor01→gatewayC;sensor02→gatewayC;sensor03→gatewayC;sensor04→gatewayA;sensor04→gatewayC;sensor05→gatewayC;sensor06→gatewayA;sensor07→gatewayA;sensor07→gatewayC;sensor08→gatewayA;sensor09→gatewayA,6ac371b889d7d8c1,98.7256490927003,93.20178819176814,99.73307449648144,9,True,True,True
2025-03,90,80,exact,Optimal,9,sensor01→gatewayA;sensor02→gatewayC;sensor03→gatewayC;sensor04→gatewayC;sensor05→gatewayA;sensor06→gatewayA;sensor07→gatewayC;sensor08→gatewayA;sensor09→gatewayA,47454e12767c9b83,96.55190333896323,92.73948302078054,96.31757945350064,9,True,True,True
2025-03,90,80,proposed,Feasible,9,sensor01→gatewayA;sensor02→gatewayC;sensor03→gatewayC;sensor04→gatewayC;sensor05→gatewayA;sensor06→gatewayA;sensor07→gatewayC;sensor08→gatewayA;sensor09→gatewayA,47454e12767c9b83,96.55190333896323,92.73948302078054,96.31757945350064,9,True,True,True
2025-03,90,80,multicover,Feasible,9,sensor01→gatewayA;sensor02→gatewayC;sensor03→gatewayC;sensor04→gatewayC;sensor05→gatewayA;sensor06→gatewayA;sensor07→gatewayC;sensor08→gatewayA;sensor09→gatewayA,47454e12767c9b83,96.55190333896323,92.73948302078054,96.31757945350064,9,True,True,True
2025-03,90,80,coverage_only,Feasible,9,sensor01→gatewayA;sensor02→gatewayC;sensor03→gatewayC;sensor04→gatewayC;sensor05→gatewayA;sensor06→gatewayA;sensor07→gatewayC;sensor08→gatewayA;sensor09→gatewayA,47454e12767c9b83,96.55190333896323,92.73948302078054,96.31757945350064,9,True,True,True
2025-03,95,85,exact,Optimal,9,sensor01→gatewayA;sensor02→gatewayC;sensor03→gatewayC;sensor04→gatewayC;sensor05→gatewayA;sensor06→gatewayA;sensor07→gatewayC;sensor08→gatewayA;sensor09→gatewayA,47454e12767c9b83,96.55190333896323,92.73948302078054,96.31757945350064,9,True,True,True
2025-03,95,85,proposed,Feasible,9,sensor01→gatewayA;sensor02→gatewayC;sensor03→gatewayC;sensor04→gatewayC;sensor05→gatewayA;sensor06→gatewayA;sensor07→gatewayC;sensor08→gatewayA;sensor09→gatewayA,47454e12767c9b83,96.55190333896323,92.73948302078054,96.31757945350064,9,True,True,True
2025-03,95,85,multicover,Feasible,9,sensor01→gatewayA;sensor02→gatewayC;sensor03→gatewayC;sensor04→gatewayC;sensor05→gatewayA;sensor06→gatewayA;sensor07→gatewayC;sensor08→gatewayA;sensor09→gatewayA,47454e12767c9b83,96.55190333896323,92.73948302078054,96.31757945350064,9,True,True,True
2025-03,95,85,coverage_only,Feasible,9,sensor01→gatewayA;sensor02→gatewayC;sensor03→gatewayC;sensor04→gatewayC;sensor05→gatewayA;sensor06→gatewayA;sensor07→gatewayC;sensor08→gatewayA;sensor09→gatewayA,47454e12767c9b83,96.55190333896323,92.73948302078054,96.31757945350064,9,True,True,True
2025-03,98,90,exact,Optimal,11,sensor01→gatewayA;sensor01→gatewayC;sensor02→gatewayC;sensor03→gatewayC;sensor04→gatewayC;sensor05→gatewayA;sensor06→gatewayA;sensor07→gatewayC;sensor08→gatewayA;sensor08→gatewayB;sensor09→gatewayA,49b672db7308a770,98.03689749252956,94.01176470588236,99.02359641985353,9,True,True,True
2025-03,98,90,proposed,Feasible,11,sensor01→gatewayA;sensor01→gatewayC;sensor02→gatewayC;sensor03→gatewayC;sensor04→gatewayC;sensor05→gatewayA;sensor06→gatewayA;sensor07→gatewayC;sensor08→gatewayA;sensor08→gatewayB;sensor09→gatewayA,49b672db7308a770,98.03689749252956,94.01176470588236,99.02359641985353,9,True,True,True
2025-03,98,90,multicover,Feasible,11,sensor01→gatewayA;sensor01→gatewayC;sensor02→gatewayC;sensor03→gatewayC;sensor04→gatewayC;sensor05→gatewayA;sensor06→gatewayA;sensor07→gatewayC;sensor08→gatewayA;sensor08→gatewayB;sensor09→gatewayA,49b672db7308a770,98.03689749252956,94.01176470588236,99.02359641985353,9,True,True,True
2025-03,98,90,coverage_only,Feasible,11,sensor01→gatewayA;sensor01→gatewayC;sensor02→gatewayC;sensor03→gatewayC;sensor04→gatewayC;sensor05→gatewayA;sensor06→gatewayA;sensor07→gatewayC;sensor08→gatewayA;sensor08→gatewayB;sensor09→gatewayA,49b672db7308a770,98.03689749252956,94.01176470588236,99.02359641985353,9,True,True,True
2025-04,90,80,exact,Optimal,9,sensor01→gatewayA;sensor02→gatewayC;sensor03→gatewayC;sensor04→gatewayC;sensor05→gatewayA;sensor06→gatewayA;sensor07→gatewayC;sensor08→gatewayA;sensor09→gatewayA,47454e12767c9b83,95.45454545454545,90.66715722344861,95.0605442992447,9,True,True,True
2025-04,90,80,proposed,Feasible,9,sensor01→gatewayA;sensor02→gatewayC;sensor03→gatewayC;sensor04→gatewayC;sensor05→gatewayA;sensor06→gatewayA;sensor07→gatewayC;sensor08→gatewayA;sensor09→gatewayA,47454e12767c9b83,95.45454545454545,90.66715722344861,95.0605442992447,9,True,True,True
2025-04,90,80,multicover,Feasible,9,sensor01→gatewayA;sensor02→gatewayC;sensor03→gatewayC;sensor04→gatewayC;sensor05→gatewayA;sensor06→gatewayA;sensor07→gatewayC;sensor08→gatewayA;sensor09→gatewayA,47454e12767c9b83,95.45454545454545,90.66715722344861,95.0605442992447,9,True,True,True
2025-04,90,80,coverage_only,Feasible,9,sensor01→gatewayA;sensor02→gatewayC;sensor03→gatewayC;sensor04→gatewayC;sensor05→gatewayA;sensor06→gatewayA;sensor07→gatewayC;sensor08→gatewayA;sensor09→gatewayA,47454e12767c9b83,95.45454545454545,90.66715722344861,95.0605442992447,9,True,True,True
2025-04,95,85,exact,Optimal,9,sensor01→gatewayA;sensor02→gatewayC;sensor03→gatewayC;sensor04→gatewayC;sensor05→gatewayA;sensor06→gatewayA;sensor07→gatewayC;sensor08→gatewayA;sensor09→gatewayA,47454e12767c9b83,95.45454545454545,90.66715722344861,95.0605442992447,9,True,True,True
2025-04,95,85,proposed,Feasible,9,sensor01→gatewayA;sensor02→gatewayC;sensor03→gatewayC;sensor04→gatewayC;sensor05→gatewayA;sensor06→gatewayA;sensor07→gatewayC;sensor08→gatewayA;sensor09→gatewayA,47454e12767c9b83,95.45454545454545,90.66715722344861,95.0605442992447,9,True,True,True
2025-04,95,85,multicover,Feasible,9,sensor01→gatewayA;sensor02→gatewayC;sensor03→gatewayC;sensor04→gatewayC;sensor05→gatewayA;sensor06→gatewayA;sensor07→gatewayC;sensor08→gatewayA;sensor09→gatewayA,47454e12767c9b83,95.45454545454545,90.66715722344861,95.0605442992447,9,True,True,True
2025-04,95,85,coverage_only,Feasible,9,sensor01→gatewayA;sensor02→gatewayC;sensor03→gatewayC;sensor04→gatewayC;sensor05→gatewayA;sensor06→gatewayA;sensor07→gatewayC;sensor08→gatewayA;sensor09→gatewayA,47454e12767c9b83,95.45454545454545,90.66715722344861,95.0605442992447,9,True,True,True
2025-04,98,90,exact,Optimal,12,sensor01→gatewayA;sensor01→gatewayC;sensor02→gatewayC;sensor03→gatewayC;sensor04→gatewayC;sensor05→gatewayA;sensor06→gatewayA;sensor07→gatewayA;sensor07→gatewayC;sensor08→gatewayA;sensor08→gatewayB;sensor09→gatewayA,f442bb7c92d26689,98.07247186527256,94.76268412438625,99.1899852724595,9,True,True,True
2025-04,98,90,proposed,Feasible,12,sensor01→gatewayA;sensor01→gatewayC;sensor02→gatewayC;sensor03→gatewayC;sensor04→gatewayC;sensor05→gatewayA;sensor06→gatewayA;sensor07→gatewayA;sensor07→gatewayC;sensor08→gatewayA;sensor08→gatewayB;sensor09→gatewayA,f442bb7c92d26689,98.07247186527256,94.76268412438625,99.1899852724595,9,True,True,True
2025-04,98,90,multicover,Feasible,12,sensor01→gatewayA;sensor01→gatewayC;sensor02→gatewayC;sensor03→gatewayC;sensor04→gatewayC;sensor05→gatewayA;sensor06→gatewayA;sensor07→gatewayA;sensor07→gatewayC;sensor08→gatewayA;sensor08→gatewayB;sensor09→gatewayA,f442bb7c92d26689,98.07247186527256,94.76268412438625,99.1899852724595,9,True,True,True
2025-04,98,90,coverage_only,Feasible,12,sensor01→gatewayA;sensor01→gatewayC;sensor02→gatewayC;sensor03→gatewayC;sensor04→gatewayC;sensor05→gatewayA;sensor06→gatewayA;sensor07→gatewayA;sensor07→gatewayC;sensor08→gatewayA;sensor08→gatewayB;sensor09→gatewayA,f442bb7c92d26689,98.07247186527256,94.76268412438625,99.1899852724595,9,True,True,True
2025-05,90,80,exact,Optimal,13,sensor01→gatewayC;sensor02→gatewayC;sensor03→gatewayC;sensor04→gatewayC;sensor05→gatewayC;sensor06→gatewayA;sensor06→gatewayC;sensor07→gatewayC;sensor08→gatewayA;sensor08→gatewayB;sensor09→gatewayA;sensor09→gatewayB;sensor10→gatewayC,6b6d852cbf71ceb6,96.98371074625709,91.47358665430954,98.8716363359002,10,True,True,True
2025-05,90,80,proposed,Feasible,13,sensor01→gatewayC;sensor02→gatewayC;sensor03→gatewayC;sensor04→gatewayC;sensor05→gatewayC;sensor06→gatewayA;sensor06→gatewayC;sensor07→gatewayC;sensor08→gatewayA;sensor08→gatewayB;sensor09→gatewayA;sensor09→gatewayB;sensor10→gatewayC,6b6d852cbf71ceb6,96.98371074625709,91.47358665430954,98.8716363359002,10,True,True,True
2025-05,90,80,multicover,Feasible,13,sensor01→gatewayC;sensor02→gatewayC;sensor03→gatewayC;sensor04→gatewayC;sensor05→gatewayC;sensor06→gatewayA;sensor06→gatewayC;sensor07→gatewayC;sensor08→gatewayA;sensor08→gatewayB;sensor09→gatewayA;sensor09→gatewayB;sensor10→gatewayC,6b6d852cbf71ceb6,96.98371074625709,91.47358665430954,98.8716363359002,10,True,True,True
2025-05,90,80,coverage_only,Feasible,13,sensor01→gatewayC;sensor02→gatewayC;sensor03→gatewayC;sensor04→gatewayC;sensor05→gatewayC;sensor06→gatewayA;sensor06→gatewayC;sensor07→gatewayC;sensor08→gatewayA;sensor08→gatewayB;sensor09→gatewayA;sensor09→gatewayB;sensor10→gatewayC,6b6d852cbf71ceb6,96.98371074625709,91.47358665430954,98.8716363359002,10,True,True,True
2025-05,95,85,exact,Optimal,13,sensor01→gatewayC;sensor02→gatewayC;sensor03→gatewayC;sensor04→gatewayC;sensor05→gatewayC;sensor06→gatewayA;sensor06→gatewayC;sensor07→gatewayC;sensor08→gatewayA;sensor08→gatewayB;sensor09→gatewayA;sensor09→gatewayB;sensor10→gatewayC,6b6d852cbf71ceb6,96.98371074625709,91.47358665430954,98.8716363359002,10,True,True,True
2025-05,95,85,proposed,Feasible,13,sensor01→gatewayC;sensor02→gatewayC;sensor03→gatewayC;sensor04→gatewayC;sensor05→gatewayC;sensor06→gatewayA;sensor06→gatewayC;sensor07→gatewayC;sensor08→gatewayA;sensor08→gatewayB;sensor09→gatewayA;sensor09→gatewayB;sensor10→gatewayC,6b6d852cbf71ceb6,96.98371074625709,91.47358665430954,98.8716363359002,10,True,True,True
2025-05,95,85,multicover,Feasible,13,sensor01→gatewayC;sensor02→gatewayC;sensor03→gatewayC;sensor04→gatewayC;sensor05→gatewayC;sensor06→gatewayA;sensor06→gatewayC;sensor07→gatewayC;sensor08→gatewayA;sensor08→gatewayB;sensor09→gatewayA;sensor09→gatewayB;sensor10→gatewayC,6b6d852cbf71ceb6,96.98371074625709,91.47358665430954,98.8716363359002,10,True,True,True
2025-05,95,85,coverage_only,Feasible,13,sensor01→gatewayC;sensor02→gatewayC;sensor03→gatewayC;sensor04→gatewayC;sensor05→gatewayC;sensor06→gatewayA;sensor06→gatewayC;sensor07→gatewayC;sensor08→gatewayA;sensor08→gatewayB;sensor09→gatewayA;sensor09→gatewayB;sensor10→gatewayC,6b6d852cbf71ceb6,96.98371074625709,91.47358665430954,98.8716363359002,10,True,True,True
2025-05,98,90,exact,Optimal,15,sensor01→gatewayA;sensor01→gatewayC;sensor02→gatewayC;sensor03→gatewayC;sensor04→gatewayA;sensor04→gatewayC;sensor05→gatewayC;sensor06→gatewayA;sensor06→gatewayC;sensor07→gatewayC;sensor08→gatewayA;sensor08→gatewayB;sensor09→gatewayA;sensor09→gatewayB;sensor10→gatewayC,078db79676b473ef,98.77281593530802,93.09199220987513,99.60278021379997,10,True,True,True
2025-05,98,90,proposed,Feasible,15,sensor01→gatewayA;sensor01→gatewayC;sensor02→gatewayC;sensor03→gatewayC;sensor04→gatewayA;sensor04→gatewayC;sensor05→gatewayC;sensor06→gatewayA;sensor06→gatewayC;sensor07→gatewayC;sensor08→gatewayA;sensor08→gatewayB;sensor09→gatewayA;sensor09→gatewayB;sensor10→gatewayC,078db79676b473ef,98.77281593530802,93.09199220987513,99.60278021379997,10,True,True,True
2025-05,98,90,multicover,Feasible,15,sensor01→gatewayA;sensor01→gatewayC;sensor02→gatewayC;sensor03→gatewayC;sensor04→gatewayA;sensor04→gatewayC;sensor05→gatewayC;sensor06→gatewayA;sensor06→gatewayC;sensor07→gatewayC;sensor08→gatewayA;sensor08→gatewayB;sensor09→gatewayA;sensor09→gatewayB;sensor10→gatewayC,078db79676b473ef,98.77281593530802,93.09199220987513,99.60278021379997,10,True,True,True
2025-05,98,90,coverage_only,Feasible,15,sensor01→gatewayA;sensor01→gatewayC;sensor02→gatewayC;sensor03→gatewayC;sensor04→gatewayA;sensor04→gatewayC;sensor05→gatewayC;sensor06→gatewayA;sensor06→gatewayC;sensor07→gatewayC;sensor08→gatewayA;sensor08→gatewayB;sensor09→gatewayA;sensor09→gatewayB;sensor10→gatewayC,078db79676b473ef,98.77281593530802,93.09199220987513,99.60278021379997,10,True,True,True
2025-06,90,80,exact,Optimal,9,sensor01→gatewayA;sensor02→gatewayC;sensor04→gatewayA;sensor05→gatewayC;sensor06→gatewayA;sensor07→gatewayA;sensor08→gatewayA;sensor09→gatewayA;sensor10→gatewayC,e752b2bd62fab48d,95.70826097742496,89.0228013029316,97.66883784710319,9,True,True,True
2025-06,90,80,proposed,Feasible,9,sensor01→gatewayA;sensor02→gatewayC;sensor04→gatewayA;sensor05→gatewayC;sensor06→gatewayA;sensor07→gatewayA;sensor08→gatewayA;sensor09→gatewayA;sensor10→gatewayC,e752b2bd62fab48d,95.70826097742496,89.0228013029316,97.66883784710319,9,True,True,True
2025-06,90,80,multicover,Feasible,9,sensor01→gatewayA;sensor02→gatewayC;sensor04→gatewayA;sensor05→gatewayC;sensor06→gatewayA;sensor07→gatewayA;sensor08→gatewayA;sensor09→gatewayA;sensor10→gatewayC,e752b2bd62fab48d,95.70826097742496,89.0228013029316,97.66883784710319,9,True,True,True
2025-06,90,80,coverage_only,Feasible,9,sensor01→gatewayA;sensor02→gatewayC;sensor04→gatewayA;sensor05→gatewayC;sensor06→gatewayA;sensor07→gatewayA;sensor08→gatewayA;sensor09→gatewayA;sensor10→gatewayC,e752b2bd62fab48d,95.70826097742496,89.0228013029316,97.66883784710319,9,True,True,True
2025-06,95,85,exact,Optimal,9,sensor01→gatewayA;sensor02→gatewayC;sensor04→gatewayA;sensor05→gatewayC;sensor06→gatewayA;sensor07→gatewayA;sensor08→gatewayA;sensor09→gatewayA;sensor10→gatewayC,e752b2bd62fab48d,95.70826097742496,89.0228013029316,97.66883784710319,9,True,True,True
2025-06,95,85,proposed,Feasible,9,sensor01→gatewayA;sensor02→gatewayC;sensor04→gatewayA;sensor05→gatewayC;sensor06→gatewayA;sensor07→gatewayA;sensor08→gatewayA;sensor09→gatewayA;sensor10→gatewayC,e752b2bd62fab48d,95.70826097742496,89.0228013029316,97.66883784710319,9,True,True,True
2025-06,95,85,multicover,Feasible,9,sensor01→gatewayA;sensor02→gatewayC;sensor04→gatewayA;sensor05→gatewayC;sensor06→gatewayA;sensor07→gatewayA;sensor08→gatewayA;sensor09→gatewayA;sensor10→gatewayC,e752b2bd62fab48d,95.70826097742496,89.0228013029316,97.66883784710319,9,True,True,True
2025-06,95,85,coverage_only,Feasible,9,sensor01→gatewayA;sensor02→gatewayC;sensor04→gatewayA;sensor05→gatewayC;sensor06→gatewayA;sensor07→gatewayA;sensor08→gatewayA;sensor09→gatewayA;sensor10→gatewayC,e752b2bd62fab48d,95.70826097742496,89.0228013029316,97.66883784710319,9,True,True,True
2025-06,98,90,exact,Optimal,11,sensor01→gatewayA;sensor01→gatewayC;sensor02→gatewayC;sensor04→gatewayA;sensor05→gatewayC;sensor06→gatewayA;sensor07→gatewayA;sensor07→gatewayC;sensor08→gatewayA;sensor09→gatewayA;sensor10→gatewayC,9f447a0aa42c671f,98.0189247616685,92.1517331589274,98.85895404120444,9,True,True,True
2025-06,98,90,proposed,Feasible,11,sensor01→gatewayA;sensor01→gatewayC;sensor02→gatewayC;sensor04→gatewayA;sensor05→gatewayC;sensor06→gatewayA;sensor07→gatewayA;sensor07→gatewayC;sensor08→gatewayA;sensor09→gatewayA;sensor10→gatewayC,9f447a0aa42c671f,98.0189247616685,92.1517331589274,98.85895404120444,9,True,True,True
2025-06,98,90,multicover,Feasible,11,sensor01→gatewayA;sensor01→gatewayC;sensor02→gatewayC;sensor04→gatewayA;sensor05→gatewayC;sensor06→gatewayA;sensor07→gatewayA;sensor07→gatewayC;sensor08→gatewayA;sensor09→gatewayA;sensor10→gatewayC,9f447a0aa42c671f,98.0189247616685,92.1517331589274,98.85895404120444,9,True,True,True
2025-06,98,90,coverage_only,Feasible,11,sensor01→gatewayA;sensor01→gatewayC;sensor02→gatewayC;sensor04→gatewayA;sensor05→gatewayC;sensor06→gatewayA;sensor07→gatewayA;sensor07→gatewayC;sensor08→gatewayA;sensor09→gatewayA;sensor10→gatewayC,9f447a0aa42c671f,98.0189247616685,92.1517331589274,98.85895404120444,9,True,True,True
