P_min_pct,S_min_pct,policy,fit_method,evaluation_window,n_test_months,n_infeasible_fits,n_meets_both,pass_rate_both,pass_rate_packet,pass_rate_sensor,mean_n_links,mean_test_packet_coverage_pct,min_test_packet_coverage_pct,mean_test_worst_sensor_coverage_pct,min_test_worst_sensor_coverage_pct,mean_extra_budget_over_oracle_when_passing,max_extra_budget_over_oracle_when_passing,mean_subset_jaccard_with_test_oracle,n_reconfigurations,mean_consecutive_subset_jaccard,mean_links_changed_per_reoptimization,max_links_changed_in_one_reoptimization
90,80,expanding_window,coverage_only,all_available_policy_months,16,0,11,0.6875,0.875,0.6875,9.625,90.4105480733144,62.564525570751954,74.73869394856428,0.0,0.9090909090909091,10.0,0.5056424612539163,4,0.8972199730094467,1.4666666666666666,10
90,80,expanding_window,coverage_only,common_after_initial_window,14,0,11,0.7857142857142857,0.9285714285714286,0.7857142857142857,9.714285714285714,92.30101213917693,65.12859597225273,78.98773361667482,0.0,0.9090909090909091,10.0,0.4932617139605199,3,0.9287449392712551,1.0769230769230769,10
90,80,expanding_window,coverage_only,common_excluding_new_sensor_cold_starts,13,0,11,0.8461538461538461,1.0,0.8461538461538461,9.76923076923077,94.39119799817111,90.92120929750996,85.0637131256498,68.6696562032885,0.9090909090909091,10.0,0.5085804883375734,3,0.9228070175438597,1.1666666666666667,10
90,80,expanding_window,coverage_only,excluding_initial_observation_cold_start,15,0,11,0.7333333333333333,0.9333333333333333,0.7333333333333333,9.666666666666666,92.2669495734852,65.12859597225273,78.74675521076605,0.0,0.9090909090909091,10.0,0.5137109330298185,3,0.9338345864661655,1.0,10
90,80,expanding_window,exact,all_available_policy_months,16,0,11,0.6875,0.875,0.6875,9.0625,90.14231438440345,62.564525570751954,74.193447338471,0.0,0.09090909090909091,1.0,0.521491743550567,4,0.9256410256410257,0.8666666666666667,8
90,80,expanding_window,exact,common_after_initial_window,14,0,11,0.7857142857142857,0.9285714285714286,0.7857142857142857,9.071428571428571,91.99445935185015,65.12859597225273,78.36459463371106,0.0,0.09090909090909091,1.0,0.5113751794424064,3,0.9615384615384617,0.38461538461538464,2
90,80,expanding_window,exact,common_excluding_new_sensor_cold_starts,13,0,11,0.8461538461538461,1.0,0.8461538461538461,9.076923076923077,94.0610642272038,90.92120929750996,84.39264037476576,68.6696562032885,0.09090909090909091,1.0,0.5280872973180666,3,0.9583333333333335,0.4166666666666667,2
90,80,expanding_window,exact,excluding_initial_observation_cold_start,15,0,11,0.7333333333333333,0.9333333333333333,0.7333333333333333,9.066666666666666,91.98083363864687,65.12859597225273,78.16515882666657,0.0,0.09090909090909091,1.0,0.5306168341462459,3,0.9642857142857144,0.35714285714285715,2
90,80,expanding_window,multicover,all_available_policy_months,16,0,11,0.6875,0.875,0.6875,9.0625,90.70466803774814,65.12859597225273,74.36318008787268,0.0,0.09090909090909091,1.0,0.5287032820121056,4,0.9333333333333335,0.7333333333333333,6
90,80,expanding_window,multicover,common_after_initial_window,14,0,11,0.7857142857142857,0.9285714285714286,0.7857142857142857,9.071428571428571,91.99445935185015,65.12859597225273,78.36459463371106,0.0,0.09090909090909091,1.0,0.5113751794424064,3,0.9615384615384617,0.38461538461538464,2
90,80,expanding_window,multicover,common_excluding_new_sensor_cold_starts,13,0,11,0.8461538461538461,1.0,0.8461538461538461,9.076923076923077,94.0610642272038,90.92120929750996,84.39264037476576,68.6696562032885,0.09090909090909091,1.0,0.5280872973180666,3,0.9583333333333335,0.4166666666666667,2
90,80,expanding_window,multicover,excluding_initial_observation_cold_start,15,0,11,0.7333333333333333,0.9333333333333333,0.7333333333333333,9.066666666666666,91.98083363864687,65.12859597225273,78.16515882666657,0.0,0.09090909090909091,1.0,0.5306168341462459,3,0.9642857142857144,0.35714285714285715,2
90,80,expanding_window,proposed,all_available_policy_months,16,0,11,0.6875,0.875,0.6875,9.0625,90.14231438440345,62.564525570751954,74.193447338471,0.0,0.09090909090909091,1.0,0.521491743550567,4,0.9256410256410257,0.8666666666666667,8
90,80,expanding_window,proposed,common_after_initial_window,14,0,11,0.7857142857142857,0.9285714285714286,0.7857142857142857,9.071428571428571,91.99445935185015,65.12859597225273,78.36459463371106,0.0,0.09090909090909091,1.0,0.5113751794424064,3,0.9615384615384617,0.38461538461538464,2
90,80,expanding_window,proposed,common_excluding_new_sensor_cold_starts,13,0,11,0.8461538461538461,1.0,0.8461538461538461,9.076923076923077,94.0610642272038,90.92120929750996,84.39264037476576,68.6696562032885,0.09090909090909091,1.0,0.5280872973180666,3,0.9583333333333335,0.4166666666666667,2
90,80,expanding_window,proposed,excluding_initial_observation_cold_start,15,0,11,0.7333333333333333,0.9333333333333333,0.7333333333333333,9.066666666666666,91.98083363864687,65.12859597225273,78.16515882666657,0.0,0.09090909090909091,1.0,0.5306168341462459,3,0.9642857142857144,0.35714285714285715,2
90,80,frozen_initial_window,coverage_only,all_available_policy_months,14,0,0,0.0,0.7857142857142857,0.0,9.0,87.58377327306631,54.09039825352331,61.60732313237338,0.0,,,0.39055606048087255,0,1.0,0.0,0
90,80,frozen_initial_window,coverage_only,common_after_initial_window,14,0,0,0.0,0.7857142857142857,0.0,9.0,87.58377327306631,54.09039825352331,61.60732313237338,0.0,,,0.39055606048087255,0,1.0,0.0,0
90,80,frozen_initial_window,coverage_only,common_excluding_new_sensor_cold_starts,13,0,0,0.0,0.8461538461538461,0.0,9.0,90.16018673610809,82.28727362937236,66.3463479887098,0.0,,,0.4084530853761624,0,1.0,0.0,0
90,80,frozen_initial_window,coverage_only,excluding_initial_observation_cold_start,14,0,0,0.0,0.7857142857142857,0.0,9.0,87.58377327306631,54.09039825352331,61.60732313237338,0.0,,,0.39055606048087255,0,1.0,0.0,0
90,80,frozen_initial_window,multicover,all_available_policy_months,14,0,0,0.0,0.7857142857142857,0.0,9.0,87.58377327306631,54.09039825352331,61.60732313237338,0.0,,,0.39055606048087255,0,1.0,0.0,0
90,80,frozen_initial_window,multicover,common_after_initial_window,14,0,0,0.0,0.7857142857142857,0.0,9.0,87.58377327306631,54.09039825352331,61.60732313237338,0.0,,,0.39055606048087255,0,1.0,0.0,0
90,80,frozen_initial_window,multicover,common_excluding_new_sensor_cold_starts,13,0,0,0.0,0.8461538461538461,0.0,9.0,90.16018673610809,82.28727362937236,66.3463479887098,0.0,,,0.4084530853761624,0,1.0,0.0,0
90,80,frozen_initial_window,multicover,excluding_initial_observation_cold_start,14,0,0,0.0,0.7857142857142857,0.0,9.0,87.58377327306631,54.09039825352331,61.60732313237338,0.0,,,0.39055606048087255,0,1.0,0.0,0
90,80,frozen_initial_window,proposed,all_available_policy_months,14,0,0,0.0,0.7857142857142857,0.0,9.0,87.58377327306631,54.09039825352331,61.60732313237338,0.0,,,0.39055606048087255,0,1.0,0.0,0
90,80,frozen_initial_window,proposed,common_after_initial_window,14,0,0,0.0,0.7857142857142857,0.0,9.0,87.58377327306631,54.09039825352331,61.60732313237338,0.0,,,0.39055606048087255,0,1.0,0.0,0
90,80,frozen_initial_window,proposed,common_excluding_new_sensor_cold_starts,13,0,0,0.0,0.8461538461538461,0.0,9.0,90.16018673610809,82.28727362937236,66.3463479887098,0.0,,,0.4084530853761624,0,1.0,0.0,0
90,80,frozen_initial_window,proposed,excluding_initial_observation_cold_start,14,0,0,0.0,0.7857142857142857,0.0,9.0,87.58377327306631,54.09039825352331,61.60732313237338,0.0,,,0.39055606048087255,0,1.0,0.0,0
90,80,previous_month,coverage_only,all_available_policy_months,16,0,9,0.5625,0.875,0.5625,9.25,91.22575764973217,62.564525570751954,72.65547665619374,0.0,0.4444444444444444,4.0,0.6097719988344988,13,0.6254234654234654,4.533333333333333,8
90,80,previous_month,coverage_only,common_after_initial_window,14,0,9,0.6428571428571429,0.9285714285714286,0.6428571428571429,9.285714285714286,93.23268022651156,73.780889514681,76.60691385396561,0.0,0.4444444444444444,4.0,0.6122668997668999,11,0.630518199748969,4.461538461538462,8
90,80,previous_month,coverage_only,common_excluding_new_sensor_cold_starts,13,0,9,0.6923076923076923,1.0,0.6923076923076923,9.307692307692308,94.72897181972931,92.85239153080563,82.49975338119374,65.05382567426786,0.4444444444444444,4.0,0.623466917697687,11,0.5997280497280498,4.833333333333333,8
90,80,previous_month,coverage_only,excluding_initial_observation_cold_start,15,0,9,0.6,0.9333333333333333,0.6,9.266666666666667,93.13650645499753,73.780889514681,76.52465676557082,0.0,0.4444444444444444,4.0,0.6247824397824399,12,0.6426240426240427,4.285714285714286,8
90,80,previous_month,exact,all_available_policy_months,16,0,9,0.5625,0.875,0.5625,9.25,91.22575764973217,62.564525570751954,72.65547665619374,0.0,0.4444444444444444,4.0,0.6097719988344988,13,0.6254234654234654,4.533333333333333,8
90,80,previous_month,exact,common_after_initial_window,14,0,9,0.6428571428571429,0.9285714285714286,0.6428571428571429,9.285714285714286,93.23268022651156,73.780889514681,76.60691385396561,0.0,0.4444444444444444,4.0,0.6122668997668999,11,0.630518199748969,4.461538461538462,8
90,80,previous_month,exact,common_excluding_new_sensor_cold_starts,13,0,9,0.6923076923076923,1.0,0.6923076923076923,9.307692307692308,94.72897181972931,92.85239153080563,82.49975338119374,65.05382567426786,0.4444444444444444,4.0,0.623466917697687,11,0.5997280497280498,4.833333333333333,8
90,80,previous_month,exact,excluding_initial_observation_cold_start,15,0,9,0.6,0.9333333333333333,0.6,9.266666666666667,93.13650645499753,73.780889514681,76.52465676557082,0.0,0.4444444444444444,4.0,0.6247824397824399,12,0.6426240426240427,4.285714285714286,8
90,80,previous_month,multicover,all_available_policy_months,16,0,10,0.625,0.875,0.625,9.25,91.99273826364956,71.56218402426694,74.29347491954029,0.0,0.4,4.0,0.6340289918414919,13,0.6712975912975913,3.8666666666666667,8
90,80,previous_month,multicover,common_after_initial_window,14,0,10,0.7142857142857143,0.9285714285714286,0.7142857142857143,9.285714285714286,93.4665396100232,73.780889514681,78.28493158418834,0.0,0.4,4.0,0.6317474192474194,11,0.6745741438049131,3.8461538461538463,8
90,80,previous_month,multicover,common_excluding_new_sensor_cold_starts,13,0,10,0.7692307692307693,1.0,0.7692307692307693,9.307692307692308,94.980820386588,93.31817591269326,84.30684939835668,65.05382567426786,0.4,4.0,0.644445938676708,11,0.6474553224553224,4.166666666666667,8
90,80,previous_month,multicover,excluding_initial_observation_cold_start,15,0,10,0.6666666666666666,0.9333333333333333,0.6666666666666666,9.266666666666667,93.35477521294173,73.780889514681,78.09080664711203,0.0,0.4,4.0,0.6429642579642579,12,0.6835331335331335,3.7142857142857144,8
90,80,previous_month,proposed,all_available_policy_months,16,0,9,0.5625,0.875,0.5625,9.25,91.22575764973217,62.564525570751954,72.65547665619374,0.0,0.4444444444444444,4.0,0.6097719988344988,13,0.6254234654234654,4.533333333333333,8
90,80,previous_month,proposed,common_after_initial_window,14,0,9,0.6428571428571429,0.9285714285714286,0.6428571428571429,9.285714285714286,93.23268022651156,73.780889514681,76.60691385396561,0.0,0.4444444444444444,4.0,0.6122668997668999,11,0.630518199748969,4.461538461538462,8
90,80,previous_month,proposed,common_excluding_new_sensor_cold_starts,13,0,9,0.6923076923076923,1.0,0.6923076923076923,9.307692307692308,94.72897181972931,92.85239153080563,82.49975338119374,65.05382567426786,0.4444444444444444,4.0,0.623466917697687,11,0.5997280497280498,4.833333333333333,8
90,80,previous_month,proposed,excluding_initial_observation_cold_start,15,0,9,0.6,0.9333333333333333,0.6,9.266666666666667,93.13650645499753,73.780889514681,76.52465676557082,0.0,0.4444444444444444,4.0,0.6247824397824399,12,0.6426240426240427,4.285714285714286,8
90,80,retrospective_oracle,exact,all_available_policy_months,16,0,16,1.0,1.0,1.0,9.25,96.25504198114626,93.60929651510814,90.21703920964829,86.56627226006933,0.0,0.0,1.0,13,0.6247824397824399,4.666666666666667,10
90,80,retrospective_oracle,exact,common_after_initial_window,14,0,14,1.0,1.0,1.0,9.285714285714286,96.37989163151096,95.45454545454545,90.13420429048631,88.28495431941714,0.0,0.0,1.0,11,0.6297785547785548,4.615384615384615,10
90,80,retrospective_oracle,exact,common_excluding_new_sensor_cold_starts,13,0,13,1.0,1.0,1.0,9.0,96.3334440072997,95.45454545454545,90.03117487788451,88.28495431941714,0.0,0.0,1.0,10,0.6441724941724942,4.166666666666667,8
90,80,retrospective_oracle,exact,excluding_initial_observation_cold_start,15,0,15,1.0,1.0,1.0,9.266666666666667,96.19518529041741,93.60929651510814,89.89634215512517,86.56627226006933,0.0,0.0,1.0,12,0.6122668997668999,4.857142857142857,10
95,85,expanding_window,coverage_only,all_available_policy_months,16,0,7,0.4375,0.4375,0.6875,10.5,91.78285787941574,62.564525570751954,77.36037781922002,0.0,2.2857142857142856,10.0,0.5190415009397208,4,0.9082811924917189,1.3333333333333333,9
95,85,expanding_window,coverage_only,common_after_initial_window,14,0,7,0.5,0.5,0.7142857142857143,10.642857142857142,93.64693618555786,70.24918295376746,81.18442841656524,0.0,2.2857142857142856,10.0,0.5072762008741664,3,0.9355907250644093,1.0,9
95,85,expanding_window,coverage_only,common_excluding_new_sensor_cold_starts,13,0,7,0.5384615384615384,0.5384615384615384,0.7692307692307693,10.692307692307692,95.44676335723405,94.54013649658758,87.42938444860873,83.10935068609422,2.2857142857142856,10.0,0.5191481258282878,3,0.9302232854864435,1.0833333333333333,9
95,85,expanding_window,coverage_only,excluding_initial_observation_cold_start,15,0,7,0.4666666666666667,0.4666666666666667,0.7333333333333333,10.6,93.73074669999333,70.24918295376746,81.5432180061322,0.0,2.2857142857142856,10.0,0.5280032420280099,3,0.9401913875598087,0.9285714285714286,9
95,85,expanding_window,exact,all_available_policy_months,16,0,7,0.4375,0.4375,0.6875,10.0625,91.64176385808108,62.564525570751954,76.85654183966238,0.0,1.2857142857142858,3.0,0.5278977762433645,4,0.9287490287490289,0.8666666666666667,7
95,85,expanding_window,exact,common_after_initial_window,14,0,7,0.5,0.5,0.7142857142857143,10.142857142857142,93.48568587546113,70.24918295376746,80.60861586849937,0.0,1.2857142857142858,3.0,0.5173976583640449,3,0.9592074592074593,0.46153846153846156,2
95,85,expanding_window,exact,common_excluding_new_sensor_cold_starts,13,0,7,0.5384615384615384,0.5384615384615384,0.7692307692307693,10.153846153846153,95.27310917712985,94.54013649658758,86.80927862761472,83.10935068609422,1.2857142857142858,3.0,0.5300481569712339,3,0.9558080808080809,0.5,2
95,85,expanding_window,exact,excluding_initial_observation_cold_start,15,0,7,0.4666666666666667,0.4666666666666667,0.7333333333333333,10.133333333333333,93.58024641056971,70.24918295376746,81.00579296127071,0.0,1.2857142857142858,3.0,0.5374499356852298,3,0.9621212121212122,0.42857142857142855,2
95,85,expanding_window,multicover,all_available_policy_months,16,0,6,0.375,0.4375,0.625,10.0625,91.93452519595749,70.42615581362304,76.31335156696456,0.0,1.3333333333333333,3.0,0.5000350140056022,5,0.9166278166278167,1.0,7
95,85,expanding_window,multicover,common_after_initial_window,14,0,6,0.42857142857142855,0.5,0.7142857142857143,10.142857142857142,93.35808981395814,70.42615581362304,80.5933620383875,0.0,1.3333333333333333,3.0,0.48813525410164055,3,0.9592074592074593,0.46153846153846156,2
95,85,expanding_window,multicover,common_excluding_new_sensor_cold_starts,13,0,6,0.46153846153846156,0.5384615384615384,0.7692307692307693,10.153846153846153,95.12208473706086,93.92230739249058,86.79285142595577,83.10935068609422,1.3333333333333333,3.0,0.49853479853479854,3,0.9558080808080809,0.5,2
95,85,expanding_window,multicover,excluding_initial_observation_cold_start,15,0,6,0.4,0.4666666666666667,0.6666666666666666,10.133333333333333,93.2926812740702,70.42615581362304,80.2453417376979,0.0,1.3333333333333333,3.0,0.5000373482726422,4,0.9491341991341992,0.5714285714285714,2
95,85,expanding_window,proposed,all_available_policy_months,16,0,8,0.5,0.5,0.6875,10.0625,91.72284933094426,62.564525570751954,76.85667757910545,0.0,1.25,3.0,0.535509955730544,4,0.9287490287490289,0.8666666666666667,7
95,85,expanding_window,proposed,common_after_initial_window,14,0,8,0.5714285714285714,0.5714285714285714,0.7142857142857143,10.142857142857142,93.57835498730476,70.24918295376746,80.60877099929145,0.0,1.25,3.0,0.5260972920636785,3,0.9592074592074593,0.46153846153846156,2
95,85,expanding_window,proposed,common_excluding_new_sensor_cold_starts,13,0,8,0.6153846153846154,0.6153846153846154,0.7692307692307693,10.153846153846153,95.37290668219224,94.7005326750682,86.80944569154464,83.10935068609422,1.25,3.0,0.5394169932631472,3,0.9558080808080809,0.5,2
95,85,expanding_window,proposed,excluding_initial_observation_cold_start,15,0,8,0.5333333333333333,0.5333333333333333,0.7333333333333333,10.133333333333333,93.66673758162376,70.24918295376746,81.00593775000998,0.0,1.25,3.0,0.5455695938048879,3,0.9621212121212122,0.42857142857142855,2
95,85,frozen_initial_window,coverage_only,all_available_policy_months,14,0,4,0.2857142857142857,0.2857142857142857,0.5714285714285714,10.0,91.41272023657869,61.449627323576145,74.09307986245084,0.0,1.0,1.0,0.4669737530639786,0,1.0,0.0,0
95,85,frozen_initial_window,coverage_only,common_after_initial_window,14,0,4,0.2857142857142857,0.2857142857142857,0.5714285714285714,10.0,91.41272023657869,61.449627323576145,74.09307986245084,0.0,1.0,1.0,0.4669737530639786,0,1.0,0.0,0
95,85,frozen_initial_window,coverage_only,common_excluding_new_sensor_cold_starts,13,0,4,0.3076923076923077,0.3076923076923077,0.6153846153846154,10.0,93.71757353757889,84.5873055250381,79.79254754417782,0.0,1.0,1.0,0.4867004790081713,0,1.0,0.0,0
95,85,frozen_initial_window,coverage_only,excluding_initial_observation_cold_start,14,0,4,0.2857142857142857,0.2857142857142857,0.5714285714285714,10.0,91.41272023657869,61.449627323576145,74.09307986245084,0.0,1.0,1.0,0.4669737530639786,0,1.0,0.0,0
95,85,frozen_initial_window,multicover,all_available_policy_months,14,0,4,0.2857142857142857,0.2857142857142857,0.5714285714285714,10.0,91.41272023657869,61.449627323576145,74.09307986245084,0.0,1.0,1.0,0.4669737530639786,0,1.0,0.0,0
95,85,frozen_initial_window,multicover,common_after_initial_window,14,0,4,0.2857142857142857,0.2857142857142857,0.5714285714285714,10.0,91.41272023657869,61.449627323576145,74.09307986245084,0.0,1.0,1.0,0.4669737530639786,0,1.0,0.0,0
95,85,frozen_initial_window,multicover,common_excluding_new_sensor_cold_starts,13,0,4,0.3076923076923077,0.3076923076923077,0.6153846153846154,10.0,93.71757353757889,84.5873055250381,79.79254754417782,0.0,1.0,1.0,0.4867004790081713,0,1.0,0.0,0
95,85,frozen_initial_window,multicover,excluding_initial_observation_cold_start,14,0,4,0.2857142857142857,0.2857142857142857,0.5714285714285714,10.0,91.41272023657869,61.449627323576145,74.09307986245084,0.0,1.0,1.0,0.4669737530639786,0,1.0,0.0,0
95,85,frozen_initial_window,proposed,all_available_policy_months,14,0,4,0.2857142857142857,0.2857142857142857,0.5714285714285714,10.0,91.41272023657869,61.449627323576145,74.09307986245084,0.0,1.0,1.0,0.4669737530639786,0,1.0,0.0,0
95,85,frozen_initial_window,proposed,common_after_initial_window,14,0,4,0.2857142857142857,0.2857142857142857,0.5714285714285714,10.0,91.41272023657869,61.449627323576145,74.09307986245084,0.0,1.0,1.0,0.4669737530639786,0,1.0,0.0,0
95,85,frozen_initial_window,proposed,common_excluding_new_sensor_cold_starts,13,0,4,0.3076923076923077,0.3076923076923077,0.6153846153846154,10.0,93.71757353757889,84.5873055250381,79.79254754417782,0.0,1.0,1.0,0.4867004790081713,0,1.0,0.0,0
95,85,frozen_initial_window,proposed,excluding_initial_observation_cold_start,14,0,4,0.2857142857142857,0.2857142857142857,0.5714285714285714,10.0,91.41272023657869,61.449627323576145,74.09307986245084,0.0,1.0,1.0,0.4669737530639786,0,1.0,0.0,0
95,85,previous_month,coverage_only,all_available_policy_months,16,0,6,0.375,0.375,0.4375,9.3125,91.30827491824664,62.564525570751954,72.80102326450626,0.0,0.16666666666666666,1.0,0.6100342365967366,13,0.6257031857031858,4.533333333333333,8
95,85,previous_month,coverage_only,common_after_initial_window,14,0,6,0.42857142857142855,0.42857142857142855,0.5,9.357142857142858,93.32698567624239,73.780889514681,76.7732528348942,0.0,0.16666666666666666,1.0,0.6177614052614053,11,0.6364353595122826,4.384615384615385,8
95,85,previous_month,coverage_only,common_excluding_new_sensor_cold_starts,13,0,6,0.46153846153846156,0.46153846153846156,0.5384615384615384,9.384615384615385,94.83053153482403,92.85239153080563,82.6788876683476,65.05382567426786,0.16666666666666666,1.0,0.6293840774610006,11,0.6061383061383062,4.75,8
95,85,previous_month,coverage_only,excluding_initial_observation_cold_start,15,0,6,0.4,0.4,0.4666666666666667,9.333333333333334,93.2245248747463,73.780889514681,76.67990648110417,0.0,0.16666666666666666,1.0,0.6250621600621601,12,0.6429237429237429,4.285714285714286,8
95,85,previous_month,exact,all_available_policy_months,16,0,6,0.375,0.375,0.4375,9.3125,91.30827491824664,62.564525570751954,72.80102326450626,0.0,0.16666666666666666,1.0,0.6100342365967366,13,0.6257031857031858,4.533333333333333,8
95,85,previous_month,exact,common_after_initial_window,14,0,6,0.42857142857142855,0.42857142857142855,0.5,9.357142857142858,93.32698567624239,73.780889514681,76.7732528348942,0.0,0.16666666666666666,1.0,0.6177614052614053,11,0.6364353595122826,4.384615384615385,8
95,85,previous_month,exact,common_excluding_new_sensor_cold_starts,13,0,6,0.46153846153846156,0.46153846153846156,0.5384615384615384,9.384615384615385,94.83053153482403,92.85239153080563,82.6788876683476,65.05382567426786,0.16666666666666666,1.0,0.6293840774610006,11,0.6061383061383062,4.75,8
95,85,previous_month,exact,excluding_initial_observation_cold_start,15,0,6,0.4,0.4,0.4666666666666667,9.333333333333334,93.2245248747463,73.780889514681,76.67990648110417,0.0,0.16666666666666666,1.0,0.6250621600621601,12,0.6429237429237429,4.285714285714286,8
95,85,previous_month,multicover,all_available_policy_months,16,0,7,0.4375,0.4375,0.5,9.3125,92.07525553216402,71.56218402426694,74.4390215278528,0.0,0.14285714285714285,1.0,0.6342912296037295,13,0.6715773115773115,3.8666666666666667,8
95,85,previous_month,multicover,common_after_initial_window,14,0,7,0.5,0.5,0.5714285714285714,9.357142857142858,93.56084505975402,73.780889514681,78.45127056511693,0.0,0.14285714285714285,1.0,0.6372419247419249,11,0.6804913035682267,3.769230769230769,8
95,85,previous_month,multicover,common_excluding_new_sensor_cold_starts,13,0,7,0.5384615384615384,0.5384615384615384,0.6153846153846154,9.384615384615385,95.08238010168272,93.31817591269326,84.48598368551053,65.05382567426786,0.14285714285714285,1.0,0.6503630984400216,11,0.653865578865579,4.083333333333333,8
95,85,previous_month,multicover,excluding_initial_observation_cold_start,15,0,7,0.4666666666666667,0.4666666666666667,0.5333333333333333,9.333333333333334,93.44279363269048,73.780889514681,78.24605636264538,0.0,0.14285714285714285,1.0,0.6432439782439783,12,0.6838328338328339,3.7142857142857144,8
95,85,previous_month,proposed,all_available_policy_months,16,0,6,0.375,0.375,0.4375,9.3125,91.30827491824664,62.564525570751954,72.80102326450626,0.0,0.16666666666666666,1.0,0.6100342365967366,13,0.6257031857031858,4.533333333333333,8
95,85,previous_month,proposed,common_after_initial_window,14,0,6,0.42857142857142855,0.42857142857142855,0.5,9.357142857142858,93.32698567624239,73.780889514681,76.7732528348942,0.0,0.16666666666666666,1.0,0.6177614052614053,11,0.6364353595122826,4.384615384615385,8
95,85,previous_month,proposed,common_excluding_new_sensor_cold_starts,13,0,6,0.46153846153846156,0.46153846153846156,0.5384615384615384,9.384615384615385,94.83053153482403,92.85239153080563,82.6788876683476,65.05382567426786,0.16666666666666666,1.0,0.6293840774610006,11,0.6061383061383062,4.75,8
95,85,previous_month,proposed,excluding_initial_observation_cold_start,15,0,6,0.4,0.4,0.4666666666666667,9.333333333333334,93.2245248747463,73.780889514681,76.67990648110417,0.0,0.16666666666666666,1.0,0.6250621600621601,12,0.6429237429237429,4.285714285714286,8
95,85,retrospective_oracle,exact,all_available_policy_months,16,0,16,1.0,1.0,1.0,9.3125,96.34621458609641,95.0680581943107,90.41666057200875,88.28495431941714,0.0,0.0,1.0,13,0.6250621600621601,4.666666666666667,10
95,85,retrospective_oracle,exact,common_after_initial_window,14,0,14,1.0,1.0,1.0,9.285714285714286,96.37989163151096,95.45454545454545,90.13420429048631,88.28495431941714,0.0,0.0,1.0,11,0.6297785547785548,4.615384615384615,10
95,85,retrospective_oracle,exact,common_excluding_new_sensor_cold_starts,13,0,13,1.0,1.0,1.0,9.0,96.3334440072997,95.45454545454545,90.03117487788451,88.28495431941714,0.0,0.0,1.0,10,0.6441724941724942,4.166666666666667,8
95,85,retrospective_oracle,exact,excluding_initial_observation_cold_start,15,0,15,1.0,1.0,1.0,9.333333333333334,96.29243606903093,95.0680581943107,90.10927160830968,88.28495431941714,0.0,0.0,1.0,12,0.6177614052614053,4.785714285714286,10
98,90,expanding_window,coverage_only,all_available_policy_months,16,0,7,0.4375,0.4375,0.5625,13.625,95.31799121384233,71.95598956947475,81.26977038251005,0.0,3.0,8.0,0.616735197368421,5,0.9491228070175438,0.8,5
98,90,expanding_window,coverage_only,common_after_initial_window,14,0,7,0.5,0.5,0.5714285714285714,13.857142857142858,96.82451328505526,79.53573689173653,85.10160780511949,0.0,3.0,8.0,0.6117279806659506,3,0.9687680740312319,0.5384615384615384,5
98,90,expanding_window,coverage_only,common_excluding_new_sensor_cold_starts,13,0,7,0.5384615384615384,0.5384615384615384,0.6153846153846154,13.846153846153847,98.15441916146439,97.22013241047246,91.64788532859022,85.34723063871046,3.0,8.0,0.6182981492192018,3,0.9661654135338346,0.5833333333333334,5
98,90,expanding_window,coverage_only,excluding_initial_observation_cold_start,15,0,7,0.4666666666666667,0.4666666666666667,0.6,13.8,96.87545799013351,79.53573689173653,85.53218847427976,0.0,3.0,8.0,0.6328508771929825,4,0.9658968850698174,0.5714285714285714,5
98,90,expanding_window,exact,all_available_policy_months,16,0,7,0.4375,0.4375,0.5625,13.4375,95.27302718506536,71.95598956947475,81.19269060857467,0.0,2.5714285714285716,5.0,0.6173156927244582,5,0.9583333333333334,0.6,4
98,90,expanding_window,exact,common_after_initial_window,14,0,7,0.5,0.5,0.5714285714285714,13.642857142857142,96.77312582359586,79.53573689173653,85.01351663490765,0.0,2.5714285714285716,5.0,0.612391403929993,3,0.9793956043956045,0.3076923076923077,2
98,90,expanding_window,exact,common_excluding_new_sensor_cold_starts,13,0,7,0.5384615384615384,0.5384615384615384,0.6153846153846154,13.615384615384615,98.09907881835427,97.22013241047246,91.55301791451592,85.34723063871046,2.5714285714285716,5.0,0.6190126050420168,3,0.9776785714285715,0.3333333333333333,2
98,90,expanding_window,exact,excluding_initial_observation_cold_start,15,0,7,0.4666666666666667,0.4666666666666667,0.6,13.6,96.82749635943807,79.53573689173653,85.44997004874871,0.0,2.5714285714285716,5.0,0.6334700722394221,4,0.975765306122449,0.35714285714285715,2
98,90,expanding_window,multicover,all_available_policy_months,16,0,7,0.4375,0.4375,0.5625,13.4375,95.16552438663058,71.95598956947475,81.19269060857467,0.0,2.5714285714285716,5.0,0.6033647998673153,7,0.931984126984127,1.0,4
98,90,expanding_window,multicover,common_after_initial_window,14,0,7,0.5,0.5,0.5714285714285714,13.642857142857142,96.65026548252753,79.53573689173653,85.01351663490765,0.0,2.5714285714285716,5.0,0.5964475263789727,5,0.948992673992674,0.7692307692307693,3
98,90,expanding_window,multicover,common_excluding_new_sensor_cold_starts,13,0,7,0.5384615384615384,0.5384615384615384,0.6153846153846154,13.615384615384615,97.96676768181914,96.77149014286854,91.55301791451592,85.34723063871046,2.5714285714285716,5.0,0.6018422753716871,4,0.9466619981325864,0.8333333333333334,4
98,90,expanding_window,multicover,excluding_initial_observation_cold_start,15,0,7,0.4666666666666667,0.4666666666666667,0.6,13.6,96.71282670777428,79.53573689173653,85.44997004874871,0.0,2.5714285714285716,5.0,0.6185891198584698,6,0.9475340136054423,0.7857142857142857,3
98,90,expanding_window,proposed,all_available_policy_months,16,0,7,0.4375,0.4375,0.5625,13.4375,95.59790801903381,71.95598956947475,81.19269060857467,0.0,2.5714285714285716,5.0,0.6226154003267974,6,0.9494444444444444,0.7333333333333333,4
98,90,expanding_window,proposed,common_after_initial_window,14,0,7,0.5,0.5,0.5714285714285714,13.642857142857142,97.14441820527409,84.7338302352318,85.01351663490765,0.0,2.5714285714285716,5.0,0.6184482126183807,4,0.9691391941391942,0.46153846153846156,2
98,90,expanding_window,proposed,common_excluding_new_sensor_cold_starts,13,0,7,0.5384615384615384,0.5384615384615384,0.6153846153846154,13.615384615384615,98.09907881835427,97.22013241047246,91.55301791451592,85.34723063871046,2.5714285714285716,5.0,0.6190126050420168,3,0.9776785714285715,0.3333333333333333,2
98,90,expanding_window,proposed,excluding_initial_observation_cold_start,15,0,7,0.4666666666666667,0.4666666666666667,0.6,13.6,97.17403591567108,84.7338302352318,85.44997004874871,0.0,2.5714285714285716,5.0,0.6391230936819171,5,0.9662414965986396,0.5,2
98,90,frozen_initial_window,coverage_only,all_available_policy_months,14,0,10,0.7142857142857143,0.7142857142857143,0.7142857142857143,14.0,96.376045203016,79.53573689173653,79.86447007121417,0.0,2.8,4.0,0.6367686548303533,0,1.0,0.0,0
98,90,frozen_initial_window,coverage_only,common_after_initial_window,14,0,10,0.7142857142857143,0.7142857142857143,0.7142857142857143,14.0,96.376045203016,79.53573689173653,79.86447007121417,0.0,2.8,4.0,0.6367686548303533,0,1.0,0.0,0
98,90,frozen_initial_window,coverage_only,common_excluding_new_sensor_cold_starts,13,0,10,0.7692307692307693,0.7692307692307693,0.7692307692307693,14.0,97.67145353465288,86.97593649218557,86.00789084592294,0.0,2.8,4.0,0.6452650290885585,0,1.0,0.0,0
98,90,frozen_initial_window,coverage_only,excluding_initial_observation_cold_start,14,0,10,0.7142857142857143,0.7142857142857143,0.7142857142857143,14.0,96.376045203016,79.53573689173653,79.86447007121417,0.0,2.8,4.0,0.6367686548303533,0,1.0,0.0,0
98,90,frozen_initial_window,multicover,all_available_policy_months,14,0,10,0.7142857142857143,0.7142857142857143,0.7142857142857143,14.0,96.376045203016,79.53573689173653,79.86447007121417,0.0,2.8,4.0,0.6367686548303533,0,1.0,0.0,0
98,90,frozen_initial_window,multicover,common_after_initial_window,14,0,10,0.7142857142857143,0.7142857142857143,0.7142857142857143,14.0,96.376045203016,79.53573689173653,79.86447007121417,0.0,2.8,4.0,0.6367686548303533,0,1.0,0.0,0
98,90,frozen_initial_window,multicover,common_excluding_new_sensor_cold_starts,13,0,10,0.7692307692307693,0.7692307692307693,0.7692307692307693,14.0,97.67145353465288,86.97593649218557,86.00789084592294,0.0,2.8,4.0,0.6452650290885585,0,1.0,0.0,0
98,90,frozen_initial_window,multicover,excluding_initial_observation_cold_start,14,0,10,0.7142857142857143,0.7142857142857143,0.7142857142857143,14.0,96.376045203016,79.53573689173653,79.86447007121417,0.0,2.8,4.0,0.6367686548303533,0,1.0,0.0,0
98,90,frozen_initial_window,proposed,all_available_policy_months,14,0,10,0.7142857142857143,0.7142857142857143,0.7142857142857143,14.0,96.376045203016,79.53573689173653,79.86447007121417,0.0,2.8,4.0,0.6367686548303533,0,1.0,0.0,0
98,90,frozen_initial_window,proposed,common_after_initial_window,14,0,10,0.7142857142857143,0.7142857142857143,0.7142857142857143,14.0,96.376045203016,79.53573689173653,79.86447007121417,0.0,2.8,4.0,0.6367686548303533,0,1.0,0.0,0
98,90,frozen_initial_window,proposed,common_excluding_new_sensor_cold_starts,13,0,10,0.7692307692307693,0.7692307692307693,0.7692307692307693,14.0,97.67145353465288,86.97593649218557,86.00789084592294,0.0,2.8,4.0,0.6452650290885585,0,1.0,0.0,0
98,90,frozen_initial_window,proposed,excluding_initial_observation_cold_start,14,0,10,0.7142857142857143,0.7142857142857143,0.7142857142857143,14.0,96.376045203016,79.53573689173653,79.86447007121417,0.0,2.8,4.0,0.6367686548303533,0,1.0,0.0,0
98,90,previous_month,coverage_only,all_available_policy_months,16,0,4,0.25,0.3125,0.5,11.625,94.80760994872173,71.95598956947475,77.99182285143735,0.0,1.0,3.0,0.6788348752962723,15,0.6918255763843998,4.4,10
98,90,previous_month,coverage_only,common_after_initial_window,14,0,4,0.2857142857142857,0.35714285714285715,0.5714285714285714,11.714285714285714,96.55306859679997,83.74949943807887,82.51161493492783,0.0,1.0,3.0,0.7014065241481209,13,0.7181320753153333,3.923076923076923,7
98,90,previous_month,coverage_only,common_excluding_new_sensor_cold_starts,13,0,4,0.3076923076923077,0.38461538461538464,0.6153846153846154,11.692307692307692,97.53795853208621,95.38194749871197,88.8586622376146,65.05382567426786,1.0,3.0,0.7101120033812343,12,0.7046512515262515,4.083333333333333,7
98,90,previous_month,coverage_only,excluding_initial_observation_cold_start,15,0,4,0.26666666666666666,0.3333333333333333,0.5333333333333333,11.666666666666666,96.33105130733819,83.74949943807887,82.03571110780221,0.0,1.0,3.0,0.6990905336493571,14,0.7144559746975713,4.0,7
98,90,previous_month,exact,all_available_policy_months,16,0,3,0.1875,0.25,0.5,11.625,94.78811043620954,71.95598956947475,77.99182285143735,0.0,1.3333333333333333,3.0,0.6788348752962723,15,0.6824238669826903,4.533333333333333,10
98,90,previous_month,exact,common_after_initial_window,14,0,3,0.21428571428571427,0.2857142857142857,0.5714285714285714,11.714285714285714,96.53078343964317,83.74949943807887,82.51161493492783,0.0,1.3333333333333333,3.0,0.7014065241481209,13,0.7072839490825917,4.076923076923077,7
98,90,previous_month,exact,common_excluding_new_sensor_cold_starts,13,0,3,0.23076923076923078,0.3076923076923077,0.6153846153846154,11.692307692307692,97.5139591320712,95.38194749871197,88.8586622376146,65.05382567426786,1.3333333333333333,3.0,0.7101120033812343,12,0.6928991147741149,4.25,7
98,90,previous_month,exact,excluding_initial_observation_cold_start,15,0,3,0.2,0.26666666666666666,0.5333333333333333,11.666666666666666,96.31025182732519,83.74949943807887,82.03571110780221,0.0,1.3333333333333333,3.0,0.6990905336493571,14,0.7043827146243112,4.142857142857143,7
98,90,previous_month,multicover,all_available_policy_months,16,0,4,0.25,0.3125,0.5,11.625,94.87728161893479,71.95598956947475,78.66683084256037,0.0,1.0,3.0,0.6945171097285068,14,0.7088035983624218,4.133333333333334,8
98,90,previous_month,multicover,common_after_initial_window,14,0,4,0.2857142857142857,0.35714285714285715,0.5714285714285714,11.714285714285714,96.44744345663752,83.74949943807887,82.48353730106659,0.0,1.0,3.0,0.710825676424416,12,0.7215133094657982,3.923076923076923,7
98,90,previous_month,multicover,common_excluding_new_sensor_cold_starts,13,0,4,0.3076923076923077,0.38461538461538464,0.6153846153846154,11.692307692307692,97.42420838114202,95.38194749871197,88.82842478576403,65.05382567426786,1.0,3.0,0.720255705832629,11,0.7083142551892552,4.083333333333333,7
98,90,previous_month,multicover,excluding_initial_observation_cold_start,15,0,4,0.26666666666666666,0.3333333333333333,0.5333333333333333,11.666666666666666,96.40536775556546,83.74949943807887,82.75571963166678,0.0,1.0,3.0,0.7158182503770738,13,0.7260990934835471,3.857142857142857,7
98,90,previous_month,proposed,all_available_policy_months,16,0,3,0.1875,0.25,0.5,11.625,94.78811043620954,71.95598956947475,77.99182285143735,0.0,1.3333333333333333,3.0,0.6788348752962723,15,0.6824238669826903,4.533333333333333,10
98,90,previous_month,proposed,common_after_initial_window,14,0,3,0.21428571428571427,0.2857142857142857,0.5714285714285714,11.714285714285714,96.53078343964317,83.74949943807887,82.51161493492783,0.0,1.3333333333333333,3.0,0.7014065241481209,13,0.7072839490825917,4.076923076923077,7
98,90,previous_month,proposed,common_excluding_new_sensor_cold_starts,13,0,3,0.23076923076923078,0.3076923076923077,0.6153846153846154,11.692307692307692,97.5139591320712,95.38194749871197,88.8586622376146,65.05382567426786,1.3333333333333333,3.0,0.7101120033812343,12,0.6928991147741149,4.25,7
98,90,previous_month,proposed,excluding_initial_observation_cold_start,15,0,3,0.2,0.26666666666666666,0.5333333333333333,11.666666666666666,96.31025182732519,83.74949943807887,82.03571110780221,0.0,1.3333333333333333,3.0,0.6990905336493571,14,0.7043827146243112,4.142857142857143,7
98,90,retrospective_oracle,exact,all_available_policy_months,16,0,16,1.0,1.0,1.0,11.625,98.42734340854071,98.0189247616685,94.34213204972207,92.1517331589274,0.0,0.0,1.0,15,0.6990905336493571,4.266666666666667,7
98,90,retrospective_oracle,exact,common_after_initial_window,14,0,14,1.0,1.0,1.0,11.5,98.43871301384796,98.0189247616685,94.16655955712365,92.1517331589274,0.0,0.0,1.0,13,0.7120916413902839,4.0,7
98,90,retrospective_oracle,exact,common_excluding_new_sensor_cold_starts,13,0,13,1.0,1.0,1.0,11.23076923076923,98.41301278912026,98.0189247616685,94.24921858383507,92.1517331589274,0.0,0.0,1.0,12,0.7147741147741148,3.8333333333333335,7
98,90,retrospective_oracle,exact,excluding_initial_observation_cold_start,15,0,15,1.0,1.0,1.0,11.666666666666666,98.44285867290446,98.0189247616685,94.22360813741645,92.1517331589274,0.0,0.0,1.0,14,0.7014065241481209,4.214285714285714,7
